Anne,Abrahams,63,96,86,75
William,Pollock,68,74,71,60
Warren,Cummings,55,59,84,90
Kevin,Goldsberry,57,65,63,88
Anthony,Wooten,53,97,50,94
Catherine,Black,95,83,82,74
Clara,Rivera,68,54,70,81
Lauri,Matteson,64,71,73,99
Michael,Davis,76,90,74,95
Juan,Rabon,85,58,93,67
Latasha,Ellis,78,72,61,62
Ruth,Guinn,97,52,63,71
Leon,Sprague,55,86,79,97
Mark,Rayner,78,90,83,60
Stephen,Osuna,85,56,53,60
Jeanne,Hobson,92,77,96,67
Kisha,Henson,84,86,79,93
Judith,Coley,84,73,96,54
William,Tung,73,86,91,76
Louis,Green,77,62,98,77
Ana,Kline,90,73,87,95
Heather,Brown,72,75,99,83
David,Rinehart,95,98,95,65
Warren,Spivey,75,90,51,57
Lewis,Mays,55,70,83,60
Chad,Howell,87,98,81,78
Cecil,Jennings,75,81,77,76
Darlene,Sparks,94,53,58,99
Stanley,Chronister,81,79,88,84
Christina,Brown,65,79,96,55
Eric,Matthews,96,58,95,95
Rebecca,Harrison,67,63,93,76
Marcia,Dunne,60,74,56,80
Thomas,Bishop,53,58,50,73
Richard,Healy,66,64,98,70
Jeffrey,Woody,75,57,84,89
Carmen,Warren,69,100,97,97
Betty,Littleton,64,96,100,71
Delores,Cook,56,62,85,51
Kristy,Chatman,99,63,74,61
George,Rossi,81,64,76,77
Susie,Hensley,63,78,69,77
Armando,Craft,94,80,60,61
Lee,Collins,61,89,63,54
Jaclyn,Carlson,71,98,55,78
Earnest,Smith,65,92,74,75
Claire,Lumpkin,95,67,56,76
Mary,Fuentes,51,76,50,58
Barbara,Mercado,98,67,51,98
Linda,Lewis,66,69,52,74
Michael,Wesley,100,56,53,96
Brian,Collins,97,50,79,70
Karen,Wert,84,68,68,89
Gregory,Bishop,91,81,81,61
Tamara,Vella,75,93,50,71
Lillian,Rudolph,97,57,87,86
Robert,Garcia,87,68,54,55
Wendell,Martin,81,56,81,84
Jimmie,Miller,98,94,95,100
Tyler,Hopper,54,97,99,94
Isabel,Bednar,77,70,60,91
William,Snead,68,97,83,79
Robert,Ellerman,93,53,71,99
Jeannette,Pollitt,90,90,61,72
Ronnie,Brewer,59,98,93,73
Alexander,Robinson,96,84,59,88
Bryan,Farmer,78,96,88,79
Mary,Price,97,63,76,62
Lorraine,Rodriguez,61,77,88,71
Lois,Williams,64,79,55,59
Thomas,Broadhead,80,72,51,81
Lori,Upson,99,91,91,96
Regina,Hanna,60,56,100,52
Byron,Singleton,58,93,56,99
James,Randall,76,91,78,88
Thomas,Boyd,97,51,70,79
Chanel,Collins,88,91,90,67
Greg,Myles,67,55,56,73
William,Luna,78,73,53,96
Scott,Wilkerson,67,85,82,66
Elizabeth,Pettit,85,54,76,78
Merna,Costa,72,99,89,63
Christian,Bonenfant,68,77,58,59
Michele,Bosserman,54,67,57,55
Rosa,Rosales,98,68,97,62
Sharon,Rickard,73,62,84,50
James,Pettis,67,88,60,71
Kathleen,Asbury,94,69,86,67
Courtney,Platt,83,86,97,100
Carol,McGill,75,59,77,89
Akiko,Johnson,60,62,71,92
Alvin,Caldwell,88,65,52,67
Raymond,Ewing,86,91,60,88
Josephine,Luciano,51,76,93,83
Rick,Adkins,76,75,68,92
Jean,Slaughter,65,61,62,51
Dorothy,Dawson,55,66,85,93
Kenneth,York,70,69,95,93
Frances,Williamson,92,64,96,95
Johnny,Austin,63,79,64,92
Tracy,Perez,85,75,81,50
Thomas,Kohler,70,61,61,66
Timothy,Thomas,68,53,70,91
Lesley,Spencer,79,68,90,80
Esteban,Vanfleet,71,82,56,97
Henry,Lim,83,79,70,77
Evelyn,Brown,52,79,94,59
Debra,Ross,77,96,66,92
Diana,Sims,58,58,78,62
Rebecca,Crawford,66,83,50,99
Rene,Hodge,72,100,94,77
Cheri,Smith,51,86,54,69
Daniel,Jackson,55,59,83,74
Greg,Murray,55,53,98,97
Michelle,Andrade,56,72,59,74
Alberta,Wright,78,60,59,97
Fay,Sharpe,56,58,99,56
Edward,Arnold,58,74,70,54
Benjamin,Bell,100,58,82,79
Amy,Peel,95,78,73,68
Patrick,Held,57,64,87,59
Julianne,Arnold,67,55,99,63
Ken,Courtois,62,59,94,84
Latoya,Johnson,79,66,87,89
Thomas,Oglesby,88,80,60,87
Tamara,Smith,84,90,56,75
Blanca,Schafer,93,58,76,97
Samuel,Mathis,51,93,69,93
Sylvia,Repass,97,97,53,90
Susann,Carbone,96,97,91,50
Stacy,Baker,71,64,69,52
Maria,Villegas,75,54,100,87
Linda,Krebs,55,66,69,94
Kelly,Baker,81,97,75,76
Tamara,Fahy,87,59,89,76
Brandon,Higgins,95,92,69,76
Steven,Fortune,80,87,63,100
Joe,Stephenson,96,77,87,74
Ann,Burdick,100,70,85,100
Melissa,Barkley,52,70,77,71
Cynthia,Heckman,84,67,57,97
Ella,Williams,80,69,76,81
Josue,Corbett,71,65,87,66
Samuel,Castaneda,53,70,93,82
Latisha,Cope,70,77,52,78
Louis,Richardson,76,70,87,92
Shirley,Shaw,52,57,87,54
Staci,Barclay,100,61,54,64
Caitlin,Kennedy,62,68,87,50
Jason,Thompson,50,87,95,82
Gloria,Fuller,73,96,61,85
Lona,Duncan,65,52,70,74
Gregory,Henderson,76,66,53,58
Russell,Strout,86,96,88,62
Deloris,Salvo,62,69,68,63
Samuel,Anderson,59,56,99,65
Brenda,Sanborn,80,85,87,92
Eddie,Hang,90,87,97,69
Martin,Hidalgo,61,70,64,84
Carol,Thompson,87,52,73,82
Kelly,Brown,92,61,62,60
Walter,Hiller,97,94,57,65
Gary,Reder,51,73,78,60
Rick,Peacock,86,69,97,88
Jennifer,Budd,73,69,60,74
Warren,Clark,97,55,94,69
Jody,Gonzalez,76,65,99,56
Cheryl,Clark,50,76,60,81
Cortney,Godinez,62,99,69,77
Jesse,Acevedo,88,73,57,90
Eric,Morris,58,72,84,56
Laura,Anaya,62,87,71,78
Mabel,Flores,99,77,72,82
Douglas,Vaughn,58,98,62,89
Cheyenne,Morgan,85,75,96,87
Maria,Lancaster,57,78,83,94
Betty,Ashley,61,79,71,95
Earl,Gregory,83,52,100,100
Donald,Herndon,63,94,93,94
Farrah,Cote,50,57,90,56
Stacy,Luciano,81,98,73,71
Flavia,Eveland,67,95,56,98
Maricela,Craven,84,68,85,52
Ann,Nielsen,90,77,97,69
Adrienne,Brogan,63,92,64,80
Edward,Harris,81,70,63,93
Gloria,Mills,50,100,90,74
Wanda,Faber,99,81,68,88
Jessica,Cory,57,63,95,91
Ursula,Ishmael,95,79,50,74
Maria,Mitchell,91,76,69,74
Karla,Landry,64,57,55,69
Leo,Schmidt,69,85,84,90
Milagros,Groce,67,72,69,96
Shauna,Shick,86,61,99,60
Moses,Davis,78,56,64,93
Jason,Hanson,60,68,66,53
Jessica,Cox,75,57,83,89
Stanley,Ridgley,83,98,97,81
Linda,Weinmann,65,54,75,61
Kimberly,Rogan,99,96,90,86
Robert,Feather,84,56,92,66
Desiree,Hill,51,87,96,90
Fred,Mooney,58,93,53,87
Linda,Young,57,69,93,94
Scott,Prichard,62,63,50,52
John,Ortiz,100,89,95,79
John,Clark,55,81,78,66
Thomas,Sharp,98,50,62,62
Harry,Rivers,52,77,93,50
Matthew,Gibson,86,79,59,62
Deborah,Lambert,52,53,87,54
Melissa,Langley,72,75,71,59
Beatriz,Smith,73,75,96,69
Catherine,Langley,50,99,82,79
Jerry,Neal,75,55,75,59
Marie,Murray,60,86,59,50
Dorothy,Herrera,68,68,89,55
Chelsea,Lopez,68,78,61,95
Thomas,Walling,72,65,75,94
Harold,Stambaugh,69,81,91,51
Anthony,Hale,83,59,92,71
Lauren,Honey,83,63,96,82
Karen,Shuff,96,55,70,92
Frieda,Taylor,54,66,50,77
Gary,Dressler,80,67,90,82
Philip,Little,68,69,92,83
Danny,Chandler,97,75,58,58
Maria,Ferraro,52,57,71,91
Benjamin,Robbins,87,100,56,68
Phyllis,Smith,88,52,66,83
Dorthy,Valladares,51,67,52,56
Jennifer,Dean,78,50,82,61
Jose,Briggs,81,62,77,77
Kenneth,Moya,55,60,58,60
Aurora,Arias,97,51,89,75
Muriel,Ragland,76,72,75,98
Gladys,Williamson,81,64,80,53
Michael,McFarlane,98,68,92,93
Karla,Hagans,82,56,90,51
George,Rodriguez,65,93,86,92
Frank,Chambers,54,59,93,68
Robert,Zajac,82,62,90,54
Joann,Landa,70,95,71,74
Albert,McKnight,86,62,76,53
James,Hall,59,94,99,84
Anita,Jones,76,64,73,73
Edna,Willer,52,77,64,59
Deborah,Lorentz,88,53,63,95
Doyle,Irwin,71,77,86,62
Ali,Ward,100,86,60,73
Mary,Stokes,85,89,84,60
Lane,Garcia,53,61,100,68
William,Guzman,75,89,88,93
Judith,Moore,88,55,80,78
Antonio,Bone,95,61,60,60
Javier,Garza,51,69,54,62
Bernadine,Taylor,89,89,67,99
Edward,Sutton,75,68,87,51
Brian,Griffin,58,57,99,89
Barbara,Guillen,65,90,91,95
Catrina,Atencio,68,75,84,68
Marjorie,Cordova,100,96,83,81
Rose,Gendron,83,74,52,88
Frances,Thomas,71,66,85,73
Gail,Munoz,82,97,62,64
Nancy,McCabe,97,79,60,90
Sofia,Jones,73,80,75,52
Mary,Royer,53,51,84,99
Debra,Horne,100,70,93,70
Malcolm,Burgess,94,71,80,95
Dennis,Parks,51,98,72,71
William,Geary,52,71,88,75
Iris,Metzler,71,92,89,61
Russell,Williams,52,60,75,96
Paul,Brunette,90,60,68,89
Martin,Gray,100,64,68,79
Betty,Sing,59,90,98,56
Ronald,Yates,99,87,98,58
Charleen,Thomas,88,51,63,84
Laura,Stafford,55,58,66,69
Joe,Bates,81,56,67,98
Timothy,Kimmons,60,98,84,92
Carol,Walters,61,76,91,52
Linda,Nelson,52,66,92,88
Rodger,Morgan,79,85,94,74
Mark,Jennings,78,90,62,51
Kayla,Gannon,52,62,52,76
Benita,Tanner,53,78,63,51
Terrance,Torres,73,100,70,85
David,Gonsalves,51,71,58,57
Billy,Delapaz,66,68,81,94
Edwin,Dawson,84,94,91,77
Rachel,Sheehy,94,98,93,71
Alfred,Fu,51,69,72,66
Diane,Redfield,59,67,92,61
Amanda,Graham,68,74,86,78
Gladys,Miller,75,78,77,55
Joann,Lowe,72,100,53,81
Sarah,Plante,55,93,74,84
Arthur,Vela,56,56,50,83
Holly,Krause,86,63,78,69
Bertram,Mason,51,64,71,51
Rosemary,Vickers,53,84,65,50
Martha,McGee,70,81,59,52
John,Burritt,73,72,92,65
Timothy,Allen,77,88,94,72
Robert,Dumais,92,62,66,70
John,Burmeister,96,93,61,70
Crystal,Bullock,74,93,80,71
Rita,Tefft,86,78,61,84
Courtney,Skidmore,71,74,51,51
Robert,Miles,69,81,54,61
Guadalupe,McGill,63,73,66,96
Lillian,Myers,80,61,71,72
Marty,Stegner,66,59,66,90
Barbara,Hyden,88,50,67,69
Robert,Pryor,58,93,51,58
Juanita,Lehman,52,76,70,99
Rena,Frederick,75,56,52,92
Frank,Malik,89,50,68,70
Wesley,Shaw,90,91,91,92
Steven,Collins,82,99,85,99
Jason,Holleman,79,92,98,64
Christopher,Seay,91,81,95,61
Royce,Shelton,56,82,63,74
Cynthia,Leblanc,82,97,74,89
Camie,Davenport,53,81,92,53
Barbara,Robin,84,85,65,59
Florence,McCracken,70,90,87,50
Michael,Bergerson,86,98,78,58
Patrick,Leo,57,70,73,60
Nicholas,Cade,93,64,91,58
Donald,Cheesman,80,91,50,53
Gary,Holmes,92,71,97,70
Franklin,Keeling,68,74,93,61
Christopher,Hanson,53,64,68,78
Donald,Riley,83,98,81,77
George,Olesen,85,84,81,72
Robert,Chapman,72,55,94,53
Mark,Hinojosa,64,84,96,54
Cody,Coleman,61,95,66,59
Sharon,Bell,99,53,83,60
Troy,Bowman,63,69,100,52
Jon,Mitchell,62,77,92,85
Richard,Santos,92,86,66,74
Michael,Musgrove,87,73,82,71
Oscar,Raya,81,88,84,55
Wes,Chalmers,100,100,91,58
Nancy,Walker,80,89,62,99
Richard,Sosa,74,100,98,53
Nancy,Bourgeois,79,61,100,94
Dustin,Williams,80,89,66,63
Helen,McDonald,86,86,78,79
Mika,Stallworth,97,53,57,85
Sally,Hedrick,72,97,88,82
Wendy,Winans,62,89,57,100
Helen,Flack,54,80,55,92
Donald,Brickhouse,73,75,82,89
Albert,Nocera,100,95,86,91
Kenneth,Long,63,78,67,88
Mattie,Weems,51,63,81,98
John,Williamson,94,78,73,67
Joelle,Clayson,62,83,83,83
Margaret,Hood,85,53,78,60
Tracey,Ruby,79,66,100,75
Jerry,Cervantez,98,70,71,77
Harland,White,53,75,67,100
Jerry,Johnson,88,68,56,94
Sheila,Roberts,56,55,94,70
Roy,Rose,89,65,80,72
Ruth,Pierce,85,98,52,58
Marilyn,Duckworth,90,77,54,91
Jason,Germann,86,63,79,66
Lorna,Deleon,52,71,84,92
John,Arnold,82,65,60,67
Paul,Adelman,92,54,79,74
Arnold,Cardoza,86,78,81,58
Fredericka,Fraser,50,54,78,57
Sara,Meeks,65,84,51,77
Ryan,Edmondson,64,62,96,80
Shirley,Acuna,57,91,97,67
Wayne,McDonald,53,86,74,66
Bart,Woodmansee,79,86,60,83
Charles,Toombs,66,86,74,68
Nancy,Lenoir,69,58,68,76
Jose,Dimond,79,57,85,85
Jack,Partington,86,81,59,77
Alvin,Fernandez,55,98,83,86
Ricky,Hamlin,65,69,67,61
Daniel,Driskell,72,80,99,99
Kelli,Sellman,61,85,50,71
David,Colton,59,69,71,82
Phillip,Doty,86,90,100,97
Kathryn,Losey,99,71,95,52
Angela,McIntire,87,81,100,85
Phuong,Lewis,95,52,84,75
Bernice,Cook,72,80,79,52
Catherine,Ingram,91,88,57,55
Andre,Higgins,79,51,55,76
Eddy,Griffin,68,53,60,78
Darlene,Quintero,95,73,57,73
Charles,Wilson,53,81,86,64
Donna,Murray,73,53,83,87
William,Dunaway,54,82,69,59
Zachary,Boaz,73,50,72,57
Gonzalo,Warner,88,72,81,67
Larry,Bacon,64,89,66,56
Micheal,Macias,98,72,92,96
Sandra,McKnight,74,73,71,74
Melissa,Thomas,83,69,96,91
Scott,Brown,55,51,82,72
Fred,Blake,60,51,53,62
Anna,Westmoreland,68,86,52,100
Catherine,Reyes,70,74,91,98
Dominic,Standish,87,92,100,83
Clarence,Kimbrough,74,91,57,59
Greg,O'Connor,73,88,94,82
Rebecca,Odom,79,96,61,68
Gwendolyn,Binder,90,83,62,56
Nancy,Moore,70,89,87,83
Andrea,Witt,65,80,100,56
Adam,Shih,98,76,88,56
John,Smith,57,96,68,75
Teresa,Guerrero,68,69,75,100
Consuelo,Cole,67,73,78,70
Kenneth,Pineda,55,74,65,80
Dorothy,Robbins,89,85,79,97
Christopher,Wilson,51,86,73,51
David,Craig,56,98,69,51
Julie,Leach,93,78,99,86
Shannon,Paul,54,62,78,69
Grace,Bolanos,50,97,70,55
Victoria,Lake,100,59,77,71
Robert,Allen,92,75,87,66
Rose,Fields,62,71,88,78
Bruce,Hodgdon,77,67,96,76
Josefina,Seaman,96,61,85,72
Joesph,Haskins,78,68,62,85
Walter,Vannatta,56,58,89,67
James,Paez,71,52,57,92
Lori,Cunningham,62,79,86,63
Collene,Frederick,77,100,99,72
Gloria,Hicks,55,55,53,72
Donna,Carvalho,80,86,97,82
Cindy,Jackson,96,63,76,54
Denise,Carswell,75,50,69,98
Geraldine,Curry,98,90,63,92
Paul,Alfaro,74,67,73,66
Seymour,Baier,97,50,58,53
Donald,Ansell,61,53,92,66
Candelaria,McCoy,79,85,62,62
Brett,Tso,85,98,56,75
Cara,Snow,95,83,60,100
Pennie,Netherton,63,53,80,62
Wilma,Perry,83,71,61,79
Mathew,Holmberg,65,80,60,51
Joseph,Woodberry,51,68,58,81
Justin,Kersey,77,70,64,93
Paul,Boyden,91,69,88,95
Brenda,Ware,53,98,81,52
Rita,Jeter,62,63,55,93
Don,Jordan,52,99,69,54
Victoria,Benningfield,98,99,90,53
Timmy,Jeffrey,95,93,56,96
Kevin,Kingston,78,75,77,98
Brooke,Morrill,86,61,81,50
Alice,Franklin,72,65,52,97
Carolyn,Womble,64,94,96,66
Kathryn,Brenneman,50,50,96,86
Kevin,Sellars,62,87,65,99
Julie,Ward,59,54,85,63
Craig,Alley,87,62,95,57
Christopher,Rivard,89,82,50,80
Charlotte,Antunez,62,58,51,81
Justin,Rodrigues,91,100,81,60
Jennifer,Barker,92,99,78,86
Donald,Adair,78,68,87,88
Nina,Randolph,69,60,95,64
Steve,Savage,63,82,97,88
Sherry,Ramos,90,96,85,83
Andrew,Reynolds,93,63,93,79
Ramona,Dawson,74,57,92,66
Walter,Gregory,83,51,79,61
Barbara,Nolen,69,82,67,51
Andrea,Cain,83,84,74,57
Betty,Leon,68,88,69,77
Leanna,Butler,68,64,64,94
Linda,Swartwood,91,89,63,92
Kathleen,Schafer,57,70,90,70
Josephine,Richardson,82,77,55,98
Bruce,White,69,60,62,59
Rita,Downs,84,99,67,51
Sherrie,Lindsey,95,67,61,56
Oliver,Wegner,95,53,81,86
Catherine,Marden,73,83,80,56
Ruth,Whitlow,51,93,86,88
Christine,Moore,60,79,54,78
Geri,Brown,80,66,97,91
James,Amato,60,100,77,62
Teresa,Wise,71,64,91,65
Darrell,Ochoa,78,80,91,82
William,Sorensen,62,81,95,85
Bernice,Martin,72,89,75,64
Juanita,Alligood,74,75,75,53
Floyd,McLaughlin,90,87,90,55
Paul,Miles,76,83,86,98
Bruce,Williams,59,91,100,98
Yolanda,Williams,83,96,75,88
Adrian,Walker,55,65,98,56
Carol,Cavazos,84,87,81,77
Linda,Kime,62,72,76,53
Alexandra,Trimble,72,64,65,88
Ronnie,Martinez,56,53,67,61
Cynthia,Harris,52,64,85,82
Lyle,Galaz,69,58,63,76
Margaret,Davidson,88,67,100,50
Norman,Bonds,83,90,72,55
Harriet,English,77,70,59,61
Vivian,Johnson,76,61,87,56
Russell,Dawson,67,89,58,60
Tonja,Perez,100,92,70,54
Beth,Davis,69,64,95,64
Shirley,McGrath,79,51,71,75
Nicholas,Sprankle,91,70,73,81
Dana,Hicks,78,58,52,59
Mike,Valencia,73,85,67,66
Melissa,Makela,91,84,93,59
James,Williams,85,72,67,72
Lindsey,Elliott,98,67,54,81
Faith,Clark,70,94,83,67
Zachery,Henry,100,88,65,95
Patricia,Latta,85,54,63,93
Edwin,Lester,63,52,78,64
Paul,Robinson,96,65,93,72
Jeffery,Walter,61,72,99,100
Carol,Bitting,50,59,90,59
Paul,Harrison,70,97,68,64
Myrtle,Watts,98,95,68,77
Jeremiah,Hills,79,50,87,97
Lottie,Likens,56,94,60,55
Bradley,Taylor,54,94,50,70
Teresa,Ross,75,60,93,72
Kenneth,Doe,55,74,65,90
Debra,Gault,54,82,59,66
Thomas,Rhoades,71,98,80,63
Phillip,Doyle,84,65,90,62
Lisa,Folkes,52,85,71,95
Guy,Bourgeois,98,96,58,98
James,Jackson,67,100,79,79
Elizabeth,Jones,82,88,66,97
Shamika,Perry,62,88,53,87
Rosie,Ozuna,78,86,84,52
Jessica,Wright,71,82,77,92
William,Terry,98,70,58,92
Melinda,Gonzalez,64,78,91,50
Sandra,Fall,77,68,75,58
Denise,Hansen,66,74,86,63
Heather,Jacobs,77,56,91,59
Greg,Calabrese,100,56,98,80
Andres,Baskin,51,74,50,76
Kimberly,Wilkins,54,57,55,97
Terri,Douglas,92,70,92,76
Audrey,Figueroa,55,84,72,74
David,Belanger,76,89,86,70
James,Jacques,60,71,55,87
James,Lowe,75,99,88,74
James,Ours,94,63,71,51
Jeremy,Cruz,70,88,93,98
Amber,Ethridge,96,89,69,84
James,Hemphill,91,57,89,89
Ima,Smith,91,96,95,98
Geoffrey,Liles,68,85,64,70
Michele,Hunt,75,66,100,62
Dean,Taggart,54,54,91,92
Sabrina,Parker,67,50,84,53
Donna,Hilton,86,70,50,59
Gordon,King,63,75,66,73
Charlene,Gray,99,59,100,95
Louise,Richard,81,64,81,53
Veronica,Bledsoe,95,50,54,53
Niki,Stevens,100,60,98,67
Joyce,Fricke,55,96,86,66
Ann,Galligan,60,58,73,56
Lindsey,Holden,69,87,56,73
William,Freeman,72,96,99,92
Wilma,Caldwell,63,80,72,100
Edward,Moss,52,76,73,58
Patricia,Parsons,73,94,63,78
Lang,Cook,81,77,83,69
Anna,Ford,75,70,59,54
Sylvester,Miller,55,66,90,79
Armando,Black,72,62,72,51
Nana,Gray,96,67,74,68
Nicole,Dorsey,72,87,63,77
Kay,Critchlow,74,50,65,66
Willie,Maddox,57,55,80,60
Amanda,Benedict,80,86,56,83
Darin,Gustafson,56,98,82,57
Matthew,Michaud,51,64,63,74
Bennie,Burrows,72,54,56,93
John,Chapman,70,78,92,61
Carlos,Westrick,63,63,75,89
Denver,Johnson,79,64,64,51
Joseph,Caudell,83,99,60,100
Sean,Grijalva,72,55,95,70
Jason,Chadwick,52,61,96,67
Wilma,Moore,55,70,67,85
Edith,Rodriquez,74,87,87,72
Mary,Longworth,52,95,82,88
James,Bell,59,84,96,57
Jesse,Ibarra,80,53,72,98
Irena,Dodson,99,92,73,93
William,Jones,74,64,77,89
Nicole,Wallace,84,74,85,63
Lillian,Keen,50,59,79,91
Angela,Hernandez,52,88,62,78
Lisa,Hall,77,75,88,63
Morris,McCollum,71,55,96,58
Bobby,Johnston,67,61,67,76
Paul,Glines,73,50,64,68
Aisha,Hall,90,94,93,78
Christal,Holmes,70,74,73,93
Arthur,Sanchez,71,78,73,52
Destiny,Moore,54,86,83,72
Elizabeth,Byrd,85,93,60,86
Katy,Nicolas,54,91,88,82
Adam,Tharpe,54,55,99,75
Mark,James,71,83,95,59
Erika,Ayres,80,83,87,57
Glenn,Faught,75,55,60,58
Stacy,Snook,97,74,99,97
George,Lehmann,79,52,54,80
Elizabeth,Ohara,59,65,64,94
Lois,Ison,62,57,99,64
Kia,Chavez,66,84,87,72
Tonya,Dyer,79,84,84,53
Bonita,Kyle,80,66,99,52
Lisa,Zuniga,65,69,58,87
Vicki,Crenshaw,76,71,78,88
Helen,Guillemette,69,50,79,88
Christopher,Franklin,92,57,92,89
Amy,Gwynn,96,71,57,80
Crystal,McNeill,74,68,87,83
Lester,Coomer,87,72,96,60
Ana,Hardin,82,95,91,80
Eva,Lewis,95,76,89,93
Jaime,Walker,82,89,91,74
Jo,Keller,62,93,58,97
Milton,Silva,100,52,88,89
Robert,Warren,65,54,75,75
Katherine,Lemus,79,60,71,70
Leonard,Laws,79,82,100,64
Ricky,Ford,67,78,73,82
Dennis,Arthur,80,57,54,82
Bennie,Quintana,70,52,75,74
Ashley,Shea,93,58,89,57
Cecelia,Chaparro,93,53,86,72
Mike,Turner,65,92,74,67
Tommy,McCool,63,58,99,55
Robert,Verret,60,54,98,75
Alfredo,Varner,63,65,90,81
Jordan,Hicks,71,88,50,65
Laurie,Sullivan,100,61,59,57
Ronald,Winchester,86,73,92,99
Karl,Loe,69,82,78,70
Brent,Lamay,64,58,56,76
Matthew,Desmarais,99,65,79,91
Kimberly,Johnson,86,79,61,90
Lisa,Kurz,56,55,61,92
Mary,Smith,60,57,68,54
Ashly,Pryor,92,97,67,79
Edward,Richard,71,93,64,68
Juan,James,67,63,92,85
Ricky,Buckner,80,63,85,67
Eugene,Bess,79,66,97,71
William,Campbell,74,84,55,83
Colleen,Jackson,85,92,82,100
April,Bowman,53,89,75,75
Donald,Burgess,54,59,58,54
Jennifer,Hill,99,72,73,99
Thomas,Nguyen,79,55,86,67
Dorothy,Garwood,87,71,79,94
Carolyn,Wade,75,78,57,79
Allison,Wainwright,95,68,80,55
Dominic,Chappell,62,59,69,75
James,Corcoran,53,88,77,74
Joy,Thomas,87,96,67,78
Larry,Nunez,85,78,93,64
Dennis,Blackburn,78,66,62,76
Marcel,Bolt,67,65,70,65
Donna,Beeson,78,83,67,51
Cathy,Peacock,51,69,56,81
Carlos,Payne,56,53,65,88
Ira,Bridges,78,58,88,55
Stephen,Lee,50,71,64,61
Tonya,Keil,85,78,53,100
Christopher,Sharpless,84,67,61,66
Raymond,Flora,60,60,58,53
Charles,Cassidy,90,84,94,53
Olga,Arnwine,54,69,89,51
Regina,Gomez,57,71,71,84
James,Palmer,72,81,92,65
Stewart,Pacheco,63,81,64,83
Mark,Anderson,73,72,59,53
Sidney,Jackson,71,55,73,82
Margaret,Whitworth,50,63,100,66
Mary,Warren,82,63,89,98
Florence,Mashburn,89,55,58,53
Charles,Sawyers,73,51,84,95
Brandon,Leatham,64,75,75,94
Barbara,Stephens,68,85,69,93
Joseph,Mahler,72,58,97,80
Robert,Alvarez,54,58,85,56
Susan,Knisley,92,99,62,82
Kerrie,Scholz,76,86,98,85
Brent,Baker,73,55,83,78
Ma,Butkovich,86,92,52,65
Amy,Kidwell,57,65,67,65
Sidney,Losey,75,52,88,51
James,Christian,60,76,85,78
Stanley,Clark,92,95,62,75
Elizabeth,Stark,91,85,74,68
Stuart,Frederick,52,58,84,74
Annie,Coulter,90,72,85,65
John,Roney,66,60,90,71
Travis,Demott,80,97,80,54
Mark,Reed,71,64,98,96
William,Wilson,65,72,92,71
Nicole,Anderson,98,56,84,97
Matt,Cusumano,75,90,95,71
Linda,Lynch,55,73,99,95
George,Martinez,62,86,64,81
Belinda,Jackson,95,68,93,55
Elizabeth,Martinsen,94,55,82,69
Phil,Maas,78,66,86,66
Donna,Wyrick,68,72,56,57
William,Grant,64,67,64,56
Terry,Davis,55,74,71,75
Margaret,Dickson,77,100,54,50
Ted,Hendry,88,57,89,69
Malissa,Dominguez,93,89,73,71
Olga,Andersen,86,85,67,61
Bridget,Daugherty,57,98,70,72
Stephanie,Lee,76,91,98,51
Mathew,Cole,59,81,96,61
Jared,Fleury,87,65,77,94
David,Bell,88,79,50,97
Tom,Nix,68,89,56,87
Santos,Serna,72,83,92,81
Walter,Torres,74,81,79,98
Elaine,Henderson,70,76,71,72
Vernon,Messinger,77,81,59,84
Karen,Kee,67,99,52,73
Anna,Parks,58,58,52,64
Lowell,Sullivan,91,91,78,70
Alyssa,Cano,65,78,98,88
Carla,Cardwell,58,67,88,62
Tiffany,Howard,91,65,98,75
Pete,Christopher,98,98,51,50
Curt,Bruch,75,62,88,91
Lillian,McCabe,66,98,85,89
Cole,Harrington,52,57,91,59
Hugo,Hall,72,95,61,54
Terry,Reamer,59,68,58,94
David,Singleton,58,73,54,54
Susan,Carr,92,61,63,56
Robert,Fomby,53,71,92,78
Stanley,McKie,87,64,71,72
Corrine,Litton,100,65,50,99
Eric,Jackson,95,59,68,70
Dennis,Hackett,83,52,52,69
Mary,Zaleski,79,56,95,56
John,Garcia,97,85,54,50
Robert,Gephart,90,58,60,81
Phyllis,Nunes,69,60,51,59
Richard,Snyder,70,63,50,66
Maria,Humble,75,60,88,99
Marguerite,Johnson,73,57,59,99
Joseph,McKeehan,91,58,89,53
William,Owen,72,54,59,86
Susan,Bowers,63,94,95,72
Edward,Smith,84,90,88,77
Wilma,Dionne,94,72,55,99
Latonia,Bailey,89,51,66,60
Nona,Patridge,92,69,51,52
Yvonne,Almeida,53,91,83,73
Howard,Daugherty,51,94,57,96
Ross,Stuart,89,51,61,96
Rita,Wickham,74,82,89,84
Thomas,Hanson,79,86,72,100
Stephen,Heflin,94,89,79,100
Myrtle,Siciliano,91,89,86,85
Richard,Lambert,91,100,63,86
Jaclyn,Lind,90,54,95,78
Jennifer,Chmura,100,60,65,91
John,Lewis,87,56,69,81
Maura,Adelson,100,72,67,80
Richard,Castro,66,63,74,78
Waylon,Fletcher,50,98,96,70
Thomas,Liles,98,52,94,96
Lora,Jenkins,80,87,50,94
Alex,Lester,50,67,71,65
Rose,Holt,75,55,68,73
Justin,Crane,65,97,83,71
Jenny,Rael,62,56,53,90
Ruth,Austin,50,97,52,92
Michael,Fox,59,73,54,78
James,Stotts,81,51,68,94
Apolonia,Peterson,58,92,58,60
Julie,Candelaria,54,51,80,51
Antoine,Hale,80,84,71,70
Michael,Mosher,100,81,50,54
James,Morrison,53,83,84,77
Joyce,Gomez,100,72,56,69
Derek,Levy,50,83,71,89
Irene,Reynolds,84,97,99,63
Naomi,McElveen,58,71,83,88
Robert,Garza,80,58,65,70
Stephen,Worley,76,60,55,58
Eli,Shull,62,97,80,90
Brian,Plaza,51,91,87,56
Tera,Curci,73,54,59,91
William,Howells,63,55,99,70
Jan,Bolduc,71,96,69,73
Vance,Chappel,56,91,55,88
John,Duncan,82,82,92,85
Alice,Frazier,67,61,80,79
Mildred,Brodie,83,93,58,69
Keith,Dawson,63,94,93,61
Patrick,Ramirez,66,94,53,60
Betty,Roberts,99,95,51,86
Andrea,Alexander,58,75,56,99
Leora,James,70,85,73,64
Kenneth,McCain,60,71,81,95
James,Duke,94,58,62,77
Brian,Martinez,51,58,60,73
Fannie,Clausen,97,83,61,98
Sandra,Burdine,65,82,97,87
John,Schweizer,64,58,61,80
Megan,Dyer,99,56,93,74
Gregory,Hadlock,69,89,78,50
Katlyn,Camacho,72,82,93,66
Loretta,Garcia,64,84,64,69
Domonique,Rivera,97,73,86,78
James,Chapman,59,91,91,52
Margaret,Myer,76,60,74,77
Lois,Carvajal,57,74,88,56
Daniel,Tharp,70,82,77,64
Clifford,Nelson,83,93,92,87
Aron,Goldman,52,69,71,97
Ronald,Threatt,76,93,98,58
Carl,Curtis,52,86,78,75
Raymond,Mason,70,71,87,75
Michele,Hanley,82,72,66,96
Malika,Jenkins,51,88,62,63
Eleanor,Oliver,61,53,74,73
Erika,Standley,67,75,88,55
Martha,Guion,55,58,88,78
Gary,Shin,93,57,71,57
Erin,Brooker,80,64,75,85
Joseph,Cannon,80,99,99,82
Nicholas,Dennis,81,83,60,59
Donald,Patterson,58,85,85,70
Michael,Weber,90,61,67,67
Shannon,Morrison,85,67,52,80
Gordon,Bridges,87,83,80,60
Gerald,Stewart,64,97,67,55
Victor,Bond,66,90,73,59
Norma,Nye,72,63,61,89
Ron,England,83,69,56,65
Carolyn,Bourn,95,70,76,85
Genevieve,Shirley,62,68,73,63
James,Leatherman,57,86,55,68
William,Garrison,50,60,84,85
Sharon,Clements,85,69,88,83
Patrick,Starnes,85,54,50,95
Michael,Robinson,63,93,58,77
Angel,Bourque,74,71,56,51
Jerry,Tieman,73,75,66,97
William,Villanueva,56,67,59,63
Ramon,Moritz,59,92,81,79
Anna,Berry,85,50,51,58
Anthony,Robinson,88,84,60,95
William,Garcia,71,77,99,86
Frank,Mendez,91,99,92,64
Mary,Covington,80,87,72,50
Luis,Sanchez,71,93,89,64
Salvatore,Williams,55,54,73,83
Elizabeth,Geiser,63,53,81,71
Marcellus,Mars,79,91,62,72
Shirley,Wiggins,94,64,83,78
Anton,Soto,65,51,96,56
Deborah,Sobers,68,79,83,98
Terry,Freeman,62,65,80,51
Shelby,Anderson,82,91,85,94
Jeremy,Schroyer,62,76,59,95
Arthur,Leavitt,82,53,64,100
Richard,Nilles,55,86,51,63
Clyde,Kime,60,54,74,72
Julio,Jessen,55,90,62,93
Timothy,Rogers,70,75,84,87
Janelle,Hall,74,83,99,52
Lawrence,Pierce,82,67,82,57
Charlie,Alvarez,95,75,52,77
Natalie,Morrison,81,59,95,74
Nancy,Burt,91,65,91,63
Sammie,McKnight,70,53,97,62
Maria,Devlin,54,73,77,50
Virgil,Letourneau,58,61,55,54
Thomas,Sanchez,91,64,51,85
William,Burdett,77,99,95,91
Sharon,Reich,83,92,54,65
Emily,Neth,80,67,100,98
Jacob,Neufeld,95,54,67,69
Ramon,Ratliff,62,60,58,76
Frederick,McCall,90,64,98,58
Willie,Perez,61,98,74,57
David,Baxter,99,91,73,61
Patricia,Stewart,74,50,89,68
Iva,Peres,66,68,84,64
Peter,Dominy,56,60,81,99
Krista,Young,91,92,99,91
Oscar,Abbott,88,81,68,90
Jennie,Little,78,60,75,92
Ethel,Schmidt,68,87,95,74
Janice,Dietz,82,51,88,94
James,Jones,61,50,72,73
Kasey,Heyward,98,100,74,60
Ronald,Gibbs,54,68,90,94
Mable,Pardo,89,62,63,87
Frank,Hervey,91,84,92,95
Mary,Hewitt,57,73,80,52
Christine,Tobin,100,76,52,86
Beth,Caldwell,78,94,71,84
Mark,Barefield,70,51,81,88
James,Carter,50,64,85,60
Catherine,Irving,75,79,50,56
Bessie,Lang,82,71,50,85
Harvey,Nelson,100,65,62,100
Christopher,Chevez,69,86,96,59
Rochelle,Adams,84,58,86,63
Phillip,Merrick,51,55,78,94
Alice,Pimentel,100,87,82,85
Orval,James,55,54,92,73
Theodore,Johnson,84,53,63,66
Judy,Gooden,60,67,93,64
Andres,Avila,62,53,70,96
William,Tanner,63,72,73,83
Ann,Durden,93,98,69,53
Charles,Scott,56,89,50,53
Rex,Oswalt,92,98,88,98
Billy,Huston,62,74,66,83
Joshua,Lee,93,61,51,60
Daphne,Whitley,53,91,98,52
Joel,White,86,79,67,57
Ramon,Sullivan,84,78,57,55
Murray,Green,77,79,70,51
Angelique,Gonzalez,53,100,79,100
Perry,Bond,95,77,59,63
Wes,Burns,98,100,70,97
Patricia,Rowe,84,68,85,95
Susie,Willie,53,82,52,54
Carolyn,Thomas,96,82,82,69
Frank,Powell,68,58,61,90
Jeffrey,Clark,98,55,94,60
Kenneth,Watchman,88,98,71,81
Eric,Rigby,81,51,97,97
Kathy,Schmidt,67,80,92,65
James,Alston,65,91,96,68
Bennie,Sloan,81,59,93,68
Linda,Gonzalez,83,60,61,66
Derek,Killian,95,64,92,94
Robert,Wright,96,55,90,65
Rasheeda,Miller,57,70,98,56
Ruth,Thacker,61,64,85,60
Barbara,Sims,97,80,67,72
Holly,Harris,69,69,100,52
Paula,Brown,81,54,60,63
Jessica,Gaines,68,98,58,80
Jason,Cooley,58,88,95,66
James,Mangrum,98,54,79,88
Susan,McDonald,90,71,68,91
Craig,Wininger,65,90,63,71
Tam,Hampton,84,69,51,51
Diane,Varela,88,89,74,87
Randy,Moore,95,54,100,74
Mark,Sidwell,100,66,52,57
Barbara,Gerace,69,98,91,86
Lisa,King,65,88,61,81
Terry,Olson,55,76,65,96
Kenny,Johnson,58,79,95,98
Andrea,Davis,53,56,89,66
Sandra,Cieslak,82,52,54,55
Kathleen,Field,53,56,83,52
Theodore,Aguirre,51,94,56,99
Julie,Jamison,56,74,83,50
Tammy,Knop,100,75,56,90
Ellen,Flynn,99,98,93,50
Frank,Menchaca,75,52,100,89
Emily,Tan,86,60,63,74
Marilyn,Liu,73,58,75,53
George,Custis,82,83,93,75
Luis,Shaw,59,84,82,64
Jeffrey,Miller,58,80,64,70
Maryanne,Galli,59,97,77,55
Leo,Hartwick,85,87,82,63
Heather,Kingsbury,65,92,85,97
Elvira,Rosenberg,68,88,58,84
Steven,Newton,57,73,66,62
William,Jones,79,92,63,55
David,Dunn,52,66,70,73
David,Williams,89,79,51,56
Janice,Utley,93,72,58,59
Harold,White,53,50,99,89
Arthur,Clark,85,57,70,70
Fatima,Horta,96,76,91,67
Geneva,O'Neill,65,92,97,51
James,Juarez,63,64,66,53
Many,Toles,82,96,60,90
Timothy,Rodriguez,56,60,96,51
Jerry,Brown,61,87,81,97
Connie,Lund,55,82,80,77
Sergio,Scott,53,50,57,80
Margaret,Haws,68,70,55,77
Terri,Moldenhauer,53,56,83,81
Margaret,Bearden,78,61,53,93
Richard,Stone,57,82,94,63
Joe,Farmer,90,52,52,85
Mary,Zimmerman,80,58,52,94
Lissa,Bethune,82,68,51,70
Lisa,Creel,78,91,56,62
Mario,Huerta,79,100,57,82
Melanie,Reed,97,53,89,56
Tamara,Richmond,92,53,98,96
Norman,Johnston,88,63,70,59
Florence,Treiber,50,71,55,51
Rod,Vanhorn,80,74,98,83
Elizabeth,Kelly,67,50,69,74
Loretta,Flynn,77,78,50,83
Alfred,Hurst,59,98,55,71
Jose,Ceja,69,69,66,92
Margaret,Cordova,64,75,57,87
Sandra,Wood,52,96,100,93
Theodore,Hayes,97,72,86,72
Caroline,Cooper,97,91,82,88
Steve,Long,65,65,84,93
Elsie,Blair,51,99,62,91
Virginia,Smith,57,50,67,86
Laura,Rodriquez,62,54,79,56
Jeff,Eslick,56,73,96,54
Donald,Lewis,67,67,95,52
Timothy,Sine,56,51,60,60
Matthew,Franco,66,84,70,51
Alma,Cammack,80,75,61,88
Dawn,Davis,95,77,50,57
Robert,Oakley,54,82,77,95
Maureen,Wisdom,94,85,72,64
Michael,Haley,51,94,94,85
Katie,McGuire,72,53,56,84
Joseph,Bates,74,91,98,93
Susan,Grant,89,98,99,50
Robert,Farris,53,66,79,94
Kimberlee,Williams,68,87,66,92
Jamie,Lawson,58,54,63,81
Joshua,Arocho,54,73,76,56
Shante,Bester,85,69,50,82
Pat,Bonner,50,89,67,64
Phyllis,Dorr,52,99,69,60
Stephanie,Wingard,68,99,67,99
Jeremy,Colvin,92,89,70,100
Katie,Sweeney,92,66,62,81
Rose,Edmundson,50,100,85,58
Anissa,Avery,53,60,89,85
James,Young,55,77,50,74
Clara,Estrada,84,51,79,92
Edmund,Bridges,90,73,72,55
Lara,Hung,56,86,100,69
Tonya,Robinson,95,97,52,81
Dena,Gaston,66,60,70,58
Sandra,Urick,78,66,52,76
Santos,Nunez,61,66,95,82
Wesley,Leboeuf,87,78,97,53
Ralph,Gaynor,56,80,90,62
Roberto,Johnson,84,50,63,65
Veronica,Brooks,98,75,65,86
John,Ammerman,60,75,79,96
Lindsey,Hendricks,57,58,99,60
Ralph,Patel,72,79,68,66
Cindy,Meier,94,54,56,93
Nicole,Hidalgo,99,80,61,90
Amy,Gary,68,59,98,60
Irene,Vibbert,79,89,60,97
Jack,Nutt,76,56,91,77
Sandra,Henke,63,78,62,73
Bonnie,Lindquist,89,50,65,86
Lori,Valenti,62,65,86,79
Aliza,Dickison,60,70,53,65
Michael,Colon,82,74,60,50
Lucretia,Wilson,94,53,58,77
Wanda,Drummond,100,75,93,84
Carlos,Watson,81,100,85,58
Martin,Reyes,75,73,80,76
David,Jordan,71,65,76,76
Ivonne,Blumenthal,55,96,88,56
Barbara,Kelly,74,100,53,60
Barbara,Pierce,77,60,64,92
Lauralee,Dalton,78,57,70,65
Sheri,Walton,74,64,51,100
Rolando,Kahn,85,51,72,77
Karen,Barker,92,73,57,80
Elizabeth,Rex,58,55,81,67
Curtis,Melton,92,55,84,72
Rodney,Thompson,91,98,77,88
Austin,Reese,67,93,61,73
Jeremy,Link,71,73,55,83
Matt,Morgan,90,99,62,74
Buster,Bitner,60,91,90,58
Trina,Medina,59,81,94,91
Ryan,Dehaven,89,77,71,84
Aimee,Mapes,93,66,90,94
Joyce,Estrada,72,74,50,50
Joseph,Brownlee,68,73,57,80
Keith,Smallwood,55,95,74,65
Arthur,Bittner,51,90,59,85
Aaron,Kelly,60,93,61,72
Glenn,O'Neill,52,57,81,58
Linda,Paiva,51,83,50,88
Vincent,Garcia,86,91,90,100
Jason,Jones,60,71,93,68
David,Austin,94,83,95,69
Lois,Tucker,51,92,63,63
Monica,Cortez,82,51,91,90
Donald,Higgins,72,66,84,69
Doreen,Thomas,85,57,64,98
Yuko,Torres,57,67,66,65
Melissa,Foster,96,96,62,89
Louis,McClure,92,95,85,68
Wayne,Chapa,71,67,69,92
Anthony,Jordan,50,90,80,52
Robby,Martin,77,64,68,82
Patricia,Dennis,71,80,69,68
Jerry,Davis,91,91,94,94
Sean,Donaldson,97,56,80,77
Anthony,Taylor,74,96,74,83
Angela,Santiago,92,54,51,74
Vincent,Cantu,51,95,78,93
Tommy,Duck,80,69,51,97
Norma,Ross,66,63,84,84
Christopher,Rabin,83,89,84,50
Wendy,Ryans,52,79,88,70
Ellen,Jones,53,76,70,61
Bernice,Skillings,100,91,59,89
John,Scarlett,72,88,82,83
Rebecca,Jones,94,100,86,73
Peggy,Neely,94,67,95,66
Connie,Estrada,52,78,66,81
Stefan,Roth,51,80,54,82
Richard,Spencer,57,93,72,63
Jonathan,Miller,72,64,52,89
Travis,Ellis,67,86,83,52
Gina,Jordan,85,71,98,87
Mose,Nelson,85,54,50,69
Maria,Breaux,73,58,71,91
Austin,Morris,87,70,56,77
Greg,Main,51,70,50,100
Roger,Schmidt,99,88,95,92
Tanisha,Iraheta,61,88,100,61
Mark,Mack,75,54,79,56
John,Purington,51,60,58,66
Devora,Jayne,96,57,77,90
Angela,Carranza,55,87,73,92
William,Pugh,78,73,86,91
Jason,Brigham,83,74,80,94
Connie,Fallon,91,57,50,50
Cynthia,Stengel,100,100,51,65
Vito,Smith,63,64,85,52
Josefina,Mahoney,85,58,87,58
Douglas,Erwin,73,76,51,86
Margaret,Greeley,69,64,60,92
Tom,Cooper,76,52,92,69
Donald,Wallis,76,65,66,69
Herman,Hackett,98,88,74,87
Kelly,Smith,91,52,84,92
Bernard,Freeman,58,93,79,85
William,Stanton,68,92,58,74
Robert,Ross,61,56,55,64
Dorothy,Gunn,52,98,57,79
Linda,Withrow,55,88,99,61
Stacy,Johnson,87,60,92,62
Tina,Howland,76,59,87,90
Edward,Conn,65,80,50,52
Johanna,West,69,53,75,62
Tony,Brooks,52,72,100,56
Benjamin,Diaz,60,58,55,61
Wayne,Edwards,84,82,70,88
Chris,Shields,78,75,70,67
Deidre,Jude,73,51,70,56
James,Hess,81,91,94,59
John,Graham,66,93,57,100
Kathleen,Hashimoto,94,83,69,66
Rebecca,Dyer,92,57,79,98
Theresa,Hernandez,86,55,55,51
Michael,Galloway,80,68,87,54
Darron,Mann,99,63,89,51
Charlotte,Jimenez,52,96,95,81
Dennis,Flores,79,93,92,62
Anna,Jensen,92,84,94,93
Marta,Rule,56,94,96,82
James,Espino,64,99,52,69
Angela,Norton,91,62,86,72
David,Ford,79,61,85,94
Kelly,Martinez,73,61,95,71
Bertha,Pankey,88,92,61,93
James,Joseph,75,54,61,91
Darlene,Moses,62,95,96,86
Rhonda,Murray,94,84,70,88
Jorge,Reese,97,62,96,91
Gerald,Work,64,57,83,62
Rosendo,Baugh,70,70,86,90
Reginald,Salsbury,76,73,70,91
William,Murphy,62,91,58,99
Guadalupe,Withers,83,81,72,72
Erin,Moore,84,56,70,59
Timothy,Kaul,76,81,84,66
Raymond,Andrade,81,54,85,72
Mary,Hopkins,94,71,90,80
Jose,Bryant,88,69,98,63
James,Holloway,89,60,51,60
Michael,Willis,53,75,67,94
Johanna,Caldera,54,99,96,96
Martha,Melancon,62,75,99,72
Francis,Rivera,82,68,90,74
Michael,Fontana,72,71,52,95
Maria,Santos,90,75,59,78
Aubrey,Fisher,65,79,64,100
Calvin,Gates,100,71,53,86
Jennifer,Kalb,87,99,97,61
Johnnie,Brewer,93,50,100,96
Carol,King,78,52,67,71
Estela,Horn,87,51,74,87
Sheila,Meyers,71,81,77,55
Rachel,Brown,92,53,69,93
Bertha,Geer,70,70,95,50
Cheryl,West,67,66,51,89
Charles,Barlett,91,55,75,65
Sarah,Peters,71,52,73,75
Sandra,Rogers,67,76,98,80
Raymond,Navarro,99,61,55,58
Stan,Robinson,74,78,81,96
Geraldine,Weir,90,100,66,57
Virginia,Moore,79,83,90,94
Alvaro,Alvarez,93,61,68,78
Carl,Bowman,54,77,79,72
Alexis,Kidd,85,78,71,77
Maria,Hartung,90,72,61,52
Paul,Clay,55,76,70,91
Christopher,McNiel,62,86,78,89
Donn,Vaughan,76,94,52,89
Thomas,Lopez,69,69,55,56
Seth,Sheeley,68,80,74,67
John,Garcia,54,52,74,91
Matthew,Salazar,92,50,79,67
Cheryl,Smith,75,66,67,95
Marilyn,Haynes,57,71,96,71
Shane,Holt,89,71,59,68
Paul,Klein,55,91,68,67
Bob,Mills,88,50,81,54
David,Guzman,78,87,54,53
Pedro,Rasmussen,100,75,94,73
Cathy,Haile,77,86,96,67
Lisa,Worthen,54,69,84,63
Nina,Clement,53,62,83,51
Annie,Garcia,58,76,55,99
Charles,Barrett,87,96,82,66
Lisa,Deaton,78,71,97,82
Scott,Chapman,53,51,99,54
Heather,Hogg,89,55,67,95
Lon,Johnson,87,75,75,91
Anthony,Breton,79,57,71,67
Robert,Crossen,70,50,87,99
James,Bly,96,65,88,66
Charles,Lucas,86,85,59,95
Billy,McLachlan,95,70,88,82
Pamela,Allen,64,61,95,60
Clara,Amaya,61,96,98,53
Mark,Peters,82,54,64,66
Mable,Colbert,77,100,100,54
Lara,Joyce,70,96,83,96
Patricia,Connor,80,84,73,84
Caroline,Grose,55,93,57,68
Brandon,Burton,85,97,90,72
Laurie,Vidales,62,100,94,84
Richard,Dominguez,65,95,69,92
John,Jakes,57,83,97,77
Esperanza,Murphy,85,70,98,97
Sandra,Randazzo,98,63,97,74
Audrey,Hayes,97,53,74,84
Jeremy,Wilkins,87,64,68,58
Miranda,Dutton,79,65,64,59
Jimmie,Alvarez,86,96,89,50
Kristin,Thorpe,56,100,82,75
Ryan,Kimbell,80,98,93,79
Frank,Knott,60,50,88,58
Gabriel,Ferris,81,70,75,53
Nathaniel,Lee,51,67,71,80
Sharon,Montoya,62,62,51,96
Charlene,Abel,86,62,62,74
Travis,Standridge,61,93,65,66
Andrew,Moseley,55,53,66,99
Marilyn,Duncan,76,61,84,64
Christian,Cameron,83,50,64,78
Irene,Hillenbrand,59,75,52,50
Elsie,Thompson,99,52,78,78
Kathleen,Page,69,79,76,55
Margaret,Finley,85,73,50,95
Ginger,Miguel,86,98,67,91
Sheri,Allsop,93,84,67,100
Carrie,Fox,90,63,77,92
Clyde,Owens,66,94,55,98
Clara,Jones,91,71,87,68
Maria,Mullins,71,84,69,93
Harold,Planas,86,57,64,51
Edward,Bott,85,70,57,56
Anna,Miley,97,58,90,87
Jose,Morales,73,64,77,66
Chelsea,Crawford,62,94,63,61
Deborah,Maloney,55,53,69,59
Ralph,Bash,77,60,60,91
Dennis,Keys,76,54,58,78
Terry,Johnson,79,71,92,87
Darlene,Barnard,83,76,95,92
Russel,Moore,80,74,78,87
James,Lafreniere,85,89,57,88
Chris,Flavin,62,89,89,76
Robert,Harrison,86,65,90,53
Christine,Rankin,61,60,67,84
Polly,London,100,97,62,59
Frank,Miller,99,95,85,86
Kira,Gonzalez,65,94,71,62
Clinton,Michaels,79,55,81,85
Ron,Sullivan,82,65,69,78
Richard,Plummer,55,54,51,65
Ken,Brown,58,84,57,65
Shirley,Mahlum,94,96,93,81
William,Barbieri,55,57,85,68
Robert,Chaffin,73,71,70,58
Dorothy,Borowski,88,89,85,73
Mindy,Lamb,84,79,99,83
William,Carbaugh,68,58,95,65
Casandra,Morin,67,85,51,58
Linda,Williams,92,95,80,80
Phyllis,Faucett,63,57,55,96
Adam,Howard,75,88,78,79
Michael,Swain,51,65,91,62
Jennifer,Pence,75,71,100,94
Joi,Buchanan,92,88,93,83
Van,Day,59,70,54,82
David,Larson,59,84,59,64
Casey,Carlton,89,92,91,54
William,Huey,76,60,77,62
Donald,Vigil,98,55,81,67
Jason,Levinson,78,51,53,56
Robert,Pierce,55,80,63,73
Rosa,Davis,93,50,60,81
Randy,Welch,83,68,68,57
Melanie,Meader,95,62,83,92
Elizabeth,Cecere,53,75,63,82
Rick,Otero,74,96,84,58
Gail,Coleman,95,89,62,51
Jason,Hicks,87,92,51,90
Patricia,Ballesteros,86,79,56,100
Curtis,James,91,66,99,67
Elena,Ohara,55,72,56,63
Yvonne,Stephens,99,85,95,77
Helen,Griggs,82,57,83,61
Janie,McKnight,80,98,72,78
Laura,Gettys,67,79,53,57
William,Holt,52,56,67,60
Earl,Brown,71,61,68,71
John,Wrenn,68,92,71,92
Patricia,Blackwell,80,99,52,54
Mercedes,Wharton,89,86,99,73
Jesse,Kurt,100,88,84,56
Charlotte,Peeples,57,87,96,68
Jeannette,Ansari,78,78,89,61
David,Bell,90,62,84,67
Louis,Agnew,52,85,80,57
Philip,Keen,94,53,94,79
Frances,West,88,54,90,71
Norman,Kline,57,87,68,78
Geneva,Trail,71,73,88,72
Elizabeth,Wallace,55,68,86,66
Sheila,McCauley,56,86,80,97
Mildred,Montalvo,55,76,88,81
Samuel,Young,67,99,81,92
Guadalupe,Gant,82,74,57,91
Rose,Geiger,73,76,74,76
Esther,Knox,79,74,97,58
Robert,Taylor,80,92,87,97
Walter,Hahn,79,74,92,50
Collin,Byrd,92,92,84,90
Jessica,Price,91,70,81,68
Gary,Payne,99,76,55,52
Shawn,Todd,95,91,80,81
Yolanda,Williams,50,64,93,53
Veronica,Aguiar,57,61,55,70
Kathleen,Couch,85,58,76,59
Vicki,Woodward,52,79,88,83
Roy,Bayer,71,70,88,96
Helen,Maguire,65,71,75,81
Kimberly,Chang,55,69,98,71
Kathryn,Beck,76,68,69,94
James,Mora,72,84,52,94
Yolanda,Bonfiglio,73,87,69,83
Cheryl,Roberts,79,90,55,79
Walter,Gore,63,57,79,93
James,Nix,51,85,62,78
Kelly,Bloom,67,96,82,70
Cynthia,Howard,90,75,63,72
Edward,Baier,81,65,82,67
Louise,Wu,54,57,99,83
Dennis,Gonzales,95,98,69,91
Ola,Ortiz,83,59,84,61
Gertrude,Greathouse,65,85,57,76
Hanh,Berry,80,93,100,83
Maureen,Brown,68,51,79,77
Nancy,Ballard,91,83,53,88
Nancy,McKnight,99,64,75,62
Anne,Flynn,70,100,95,70
Jerry,Anderson,93,67,76,88
Debra,Gamble,74,74,71,56
Jon,Allen,89,73,90,51
Yolanda,Escobedo,54,79,80,51
Timothy,Webb,85,97,94,88
Isabel,Swann,66,94,79,93
Edward,Sammons,79,84,85,80
Mary,Cash,62,83,60,59
Donna,Oglesby,84,52,68,86
Rosemarie,Gerhard,99,62,61,62
Randy,Rodriguez,51,62,60,88
Dorothy,Jacobs,82,54,80,77
Janet,Noyola,94,67,61,69
Jonathan,Prince,66,76,81,78
Jerry,Harris,88,96,79,94
James,Williams,99,62,77,97
Stewart,Shell,83,53,50,91
Tamesha,Cantu,60,57,75,81
David,Epp,84,76,72,79
Molly,Freeman,99,89,64,79
Ebony,Futrell,84,88,62,71
Phillip,Fowler,61,63,51,57
Mark,White,88,60,74,52
Eugene,Mendell,59,72,92,79
Arnold,Johnson,74,52,53,65
Donny,Lee,78,96,65,94
Wanda,Levy,64,72,66,82
John,Moffatt,90,51,97,57
Troy,Smith,91,85,93,66
Fletcher,Stankiewicz,59,81,68,84
Robert,Obrien,86,70,83,54
Rodney,Smith,71,95,95,92
Javier,Diaz,66,66,51,56
Justin,Stephenson,65,70,81,93
Jeremy,Tejeda,75,100,100,52
James,Bright,90,74,57,95
Sam,Hecker,86,72,53,64
Patricia,Jolley,76,66,94,75
Thomas,Nava,75,67,62,56
Michael,Steele,57,89,62,67
Darren,Montiel,57,62,77,51
Ashley,Tate,64,56,51,100
Chelsea,Salomon,75,93,89,83
Jerry,Allen,89,95,57,70
Johnie,Gelinas,91,71,51,91
Laura,Smith,76,78,92,96
Herbert,Berger,52,65,82,84
Ashley,Siems,66,88,92,68
Matthew,Thomas,100,80,71,61
Rose,Preciado,83,72,86,50
Eugene,Sirianni,86,66,93,68
Diana,Kennelly,62,78,62,83
Jeffery,Roepke,64,70,75,100
Mildred,Ball,55,100,96,84
Josephine,Sasaki,79,94,76,85
Delbert,Maldonado,86,67,51,89
Pamela,Barrick,83,70,69,89
Brian,Andrews,74,84,84,55
Christopher,Oneil,54,97,72,63
Eddie,Watson,98,92,52,86
Jacqueline,Sanchez,56,86,57,89
Marketta,Spradling,73,59,87,80
Eric,Kirkpatrick,86,85,80,92
Sarah,Waters,68,63,86,86
Clyde,Payne,94,99,94,66
Rebecca,Baker,90,65,92,55
Beverly,Wilson,78,92,59,70
Sallie,Tobin,90,51,66,58
Elena,Abdullah,79,70,69,77
Albert,Avant,50,80,68,51
Timothy,Tuller,98,90,55,51
Carl,Hassan,50,59,51,56
Bob,Taylor,65,56,84,66
Thomas,Palos,77,100,87,94
David,Walker,60,78,93,86
Kim,Josey,67,50,92,63
Elizabeth,Simmons,94,74,81,69
Edward,Greene,99,96,96,93
Julia,Parisi,78,92,68,95
Mary,Figueroa,63,80,51,73
Peter,Hidalgo,96,82,84,82
Shirley,Childress,58,51,87,62
Roseann,Carter,65,94,78,98
Sharon,Wright,55,54,51,74
Timothy,Walker,69,54,55,70
Ada,Main,90,91,54,57
Gregory,Moore,67,52,51,68
Jason,Scott,70,59,83,91
Danielle,Guillen,83,71,73,73
Althea,Williams,99,55,94,55
Florence,Barcus,75,82,79,67
Christopher,Hutton,73,79,73,50
Daniel,Moore,73,51,58,80
Joshua,Hartman,91,88,60,98
Mario,Behrens,90,97,75,100
Carole,Doyle,69,99,66,95
Alan,Yarbrough,100,64,56,55
Frank,Palko,72,89,62,71
Lou,Miller,91,95,60,74
Frances,Johnson,51,100,90,62
Nathan,Gibbons,57,80,66,77
Anne,Boyle,54,68,63,60
Donald,Leung,55,69,96,50
Francisco,King,57,64,98,92
Helen,Fisher,73,62,97,85
Oma,Elliott,60,94,99,82
Lois,Cooper,64,100,99,97
Judy,Lacy,60,73,87,78
Rickie,Culp,96,53,57,85
Numbers,Perez,93,88,64,86
Jill,Hancock,78,62,78,87
Russell,Waltz,79,50,76,68
Roy,Southall,71,100,60,100
Faye,Thompson,99,99,99,58
Debra,Young,62,65,89,70
Benita,Wilbourn,57,50,66,79
Richard,Sand,51,80,63,53
Erin,Flowers,50,65,55,85
Jennifer,Mazon,84,97,61,67
Robert,Chavez,73,89,68,92
Lynn,Barnaby,56,79,99,57
Roy,Ahner,90,73,95,93
Diane,Hernandez,69,64,51,52
Chad,Cundiff,72,79,63,93
Inez,Smith,60,99,82,53
Sid,Bryant,77,88,84,94
Gloria,Kelly,97,76,70,95
Robert,Dobson,98,94,86,100
Rachel,Brown,79,60,87,70
Thomas,Dandridge,88,55,74,72
Darrell,Turner,86,96,100,79
Carl,Warr,97,59,86,85
Robert,Bishop,97,75,67,93
Robert,Jacobs,86,100,69,53
Frank,Stanley,100,75,59,72
Camille,Queen,61,79,94,64
Randall,Phillips,86,79,54,66
Victor,Lane,74,73,54,50
Michael,Davis,80,78,97,77
Howard,Caudill,71,59,73,65
Jeffrey,Brunson,88,59,55,87
Edna,Nesmith,96,57,83,50
Kyla,Hammett,64,90,55,76
Dana,Sheilds,57,55,99,97
Valerie,Marquez,82,83,71,97
Darlene,Williams,94,69,90,83
Robert,Taylor,74,88,68,90
Kimberly,Chambers,57,93,89,57
David,Smith,57,52,91,81
Sylvia,Ludwig,73,84,91,94
Reginald,McCarthy,68,96,51,77
Teri,Declue,63,50,83,98
Jackie,Wayne,88,76,90,67
Charlene,Littleton,68,98,81,95
Margaret,Lee,81,80,99,81
Carlos,Larocca,95,86,79,62
Andy,Gagne,50,60,93,71
Mary,Willson,51,97,99,51
Darrell,Garland,62,96,59,74
Tyler,Jefferies,94,65,81,98
Alice,Wagner,83,99,55,95
William,Duvall,86,79,71,70
Christopher,Stackhouse,50,88,90,82
Vicki,Quick,59,92,87,65
Ashley,Jones,83,60,96,75
Betty,Pleasant,97,99,52,59
Roy,Morris,96,51,54,74
Nola,Nagata,74,75,52,94
William,Gee,53,76,79,56
William,Curran,58,68,70,75
Antonio,Bonds,97,56,54,72
Beatrice,Fraser,75,62,63,79
Donna,Swanner,60,86,98,85
Ann,Johnson,52,93,62,100
Dorothy,Hayes,77,79,84,96
Elizabeth,Booker,80,59,91,60
Sherman,Lau,69,88,80,52
Steven,Mills,72,90,76,79
Patrick,Cruz,85,72,74,80
Tiffany,Osorio,56,81,60,73
Lisa,Jost,83,100,52,66
Gwendolyn,Hernandez,50,63,64,96
Mary,Shier,90,95,86,86
Morris,Herzberg,70,80,71,79
Antonio,Johnson,78,94,57,72
Harrison,Hanna,96,51,57,69
Andrew,House,97,92,71,56
Ruth,Johnson,87,83,85,98
Donald,Williams,57,73,72,63
Susan,Krupa,54,54,75,59
Nancy,Eaves,86,97,59,78
Elizabeth,Lindsey,62,54,61,52
John,Bennett,51,90,54,98
Mary,Morehead,75,81,62,74
Ashley,Park,92,100,97,78
William,Portillo,55,73,80,88
Victor,Madrid,74,73,97,81
Alan,Hagemann,57,62,67,57
Maria,Bryant,94,50,71,90
Ruth,Dellinger,95,77,96,94
Paulette,Newell,85,52,62,91
Matthew,Elliott,75,80,50,70
Richard,Henderson,68,65,88,99
Vicki,Norton,89,74,84,67
Ethel,Carter,95,67,91,96
Ernest,Roldan,50,52,59,83
Judy,King,71,66,53,76
Thomas,Cox,75,54,93,94
Joseph,Muir,89,93,52,93
Jodi,Parker,81,53,58,75
Patti,Palmieri,65,64,70,63
Marilyn,Knopp,94,58,95,60
Gerald,Caldwell,77,85,94,58
Linda,Kaufman,58,63,67,93
Carey,Garcia,97,63,56,84
Karen,Hagan,98,64,57,74
Thomas,Jewett,62,75,68,81
Suzanne,Blanton,83,95,55,56
Wesley,Roden,65,58,62,58
Yasmin,Smith,69,81,61,53
Hazel,White,64,78,99,52
Alice,Reeves,80,91,66,96
Maria,King,74,88,83,50
Mary,Burton,66,76,67,58
John,Hunter,64,73,78,77
Seth,Vega,55,80,54,74
Alayna,Ward,64,84,68,75
Frances,Ballard,93,69,91,92
Barbara,Castaldo,89,73,84,75
Nicholas,Kline,69,86,70,52
Clyde,Howard,52,99,86,69
Diana,Briggs,94,77,53,98
Jason,Carter,97,52,71,63
Darren,Brosnan,88,92,77,64
Willie,Phillips,97,88,92,52
Vera,Gates,51,65,59,75
Donald,Utterback,90,51,54,91
Jeanette,Wright,87,72,83,94
Aaron,Deanda,99,83,93,73
Patti,Yamasaki,87,59,80,82
David,Roberts,97,82,72,51
John,Buckler,79,57,51,92
Kemberly,Compton,100,98,52,55
Bessie,Cruise,63,59,88,67
Yolanda,Stouffer,62,99,55,67
Elise,Lara,60,75,78,51
Donald,Young,98,65,60,66
Benjamin,Ramsey,91,100,92,81
Evelyn,Vega,60,62,70,87
Tabitha,Francois,63,84,85,60
Clint,Price,84,77,60,72
Keith,Flores,100,64,61,87
Marci,Amaya,84,73,58,76
Michele,Shrader,53,93,85,56
Michael,Hampton,98,80,71,79
Patricia,Hoffman,57,66,79,84
Cynthia,Jacks,78,74,74,91
Tyrone,Richards,86,58,95,92
Vernon,Lundquist,99,100,85,58
Stephen,Archibald,97,96,62,73
Marcos,Borkholder,97,87,84,75
Laura,Kelley,64,76,94,74
Pam,Johnson,75,74,52,100
Krista,Fortier,73,75,77,71
Steve,Carrillo,74,68,93,62
Hazel,Conrad,92,83,94,77
Aaron,Banks,52,50,57,66
Jeremy,Bice,92,85,86,94
Sandra,Rowley,62,51,74,74
Maxine,Wolfe,78,91,86,88
Nancy,Waller,93,62,64,66
Ernesto,Myers,50,52,58,54
Crystal,Sparks,72,71,63,62
Kimberly,Shin,74,84,84,95
Rosenda,Fouche,62,83,66,68
John,Smith,94,90,68,63
Alethea,Lummus,52,63,89,61
Steve,Thomas,62,54,69,73
Victoria,Alvarado,73,96,57,53
James,Curran,61,74,76,62
Mark,Arnold,88,76,79,91
Lily,Bump,92,53,77,89
Willie,Laster,73,70,61,83
Ronnie,Salazar,66,63,85,87
Joseph,Anson,65,66,58,84
Mary,Aldridge,62,82,80,77
Cory,Nguyen,96,69,63,55
Cecil,Nash,65,86,99,62
Theresa,Hill,96,85,59,63
Earnestine,Bainter,63,97,84,56
Andre,Brown,98,97,93,68
Barbara,Trusty,73,60,83,95
Marcia,Mathias,72,70,53,85
Frank,Williams,50,93,56,78
Jeanie,Park,98,91,50,72
James,Jenkins,53,56,51,55
Don,Cash,91,73,79,67
Oscar,Goudeau,65,98,78,76
Tracie,Peters,90,66,90,99
Marjorie,Harris,54,97,58,71
David,Lainez,56,62,89,62
Howard,Andre,51,52,71,62
Barry,Hawkins,52,97,98,61
Michael,Dixon,70,60,96,83
Cecil,Kenworthy,84,72,62,95
Richard,Elkin,60,82,80,96
David,Rusch,93,79,86,50
Michelle,Moser,95,75,83,88
Richard,Thompson,82,65,87,87
Carolyn,Prince,83,82,94,52
Kathy,Fletcher,81,63,77,50
James,Jones,65,72,72,84
Dewayne,Davis,60,64,78,51
Raymond,Ward,96,54,80,78
Bunny,Temple,51,90,96,68
Margaret,Beecham,52,72,59,72
Helen,Roberson,83,72,61,95
Kristen,Blackford,64,64,72,73
James,Ascencio,78,75,87,68
Sharon,Shuey,60,79,61,57
Derrick,Coleman,57,71,74,57
Jennifer,McCrimmon,93,53,81,80
Mike,Samuels,71,54,91,73
Joanie,Jones,58,79,70,71
Matthew,Hockensmith,59,64,52,75
Robert,Sanjuan,63,75,72,96
Melonie,Wilson,69,81,74,56
Blanche,Galarza,67,99,63,54
Trevor,Frahm,85,79,84,69
Guy,Kern,90,65,82,79
John,Noble,90,65,54,83
Joi,Moorehead,62,76,71,88
Donald,Enriquez,81,81,82,51
Shawn,Hickey,89,91,80,89
Mary,Sharp,86,96,97,87
Raymond,Gaona,75,82,62,99
Thomas,Flowers,90,91,81,54
Joyce,Galloway,75,71,64,94
Norma,Gonzalez,77,51,83,55
Carrie,Addison,95,69,72,83
Judith,Kuykendall,74,95,73,86
Cordell,Chabot,98,62,92,71
Rachel,Fisher,53,98,87,64
Susan,Sanchez,64,91,59,75
Stephen,Jenkins,79,52,66,96
Elias,Gray,86,96,58,62
Therese,Parker,72,58,95,95
Edward,Grandstaff,77,50,100,95
Mandy,Burns,58,70,84,72
Della,Gill,56,86,81,70
William,Moore,87,75,84,91
Melvin,Garrison,77,69,96,52
Elizabeth,Miller,99,70,100,68
Felice,Miller,60,82,70,90
Cathryn,Slack,78,73,63,83
Rafaela,Bass,90,50,61,95
Jesus,Hash,95,82,73,95
Cody,Monday,99,97,60,63
Dee,Roberts,70,96,96,90
Lamont,Pereira,96,51,82,93
Rose,Abraham,94,81,60,74
Tasha,McLeod,90,87,59,50
Tameka,Russell,52,92,84,83
Jarrett,Dean,53,75,94,89
Fredric,Fernandez,63,64,99,81
David,Garcia,73,51,71,73
Kimberly,Howerton,51,61,74,76
Katherine,Jackson,96,84,93,92
Marianne,Werner,94,56,61,59
Clinton,Sexton,83,73,93,59
Kelly,Irons,68,65,83,87
Christopher,Huseman,78,90,58,66
Steven,Fitting,53,69,68,72
Gerald,Wilson,61,50,73,83
Anna,Lewis,83,89,52,59
Christine,Vannote,60,82,51,63
Sybil,Patel,52,63,96,81
Shana,Graham,77,81,59,82
James,Pfarr,98,74,62,75
Tracey,Kim,98,98,65,82
Patricia,Sparks,99,95,93,95
Isabel,Reed,81,85,89,87
James,Lamons,60,60,74,95
April,Smith,62,51,62,51
Frances,Phillips,73,59,89,86
Ryan,Maple,68,88,85,98
Carl,Faulk,94,62,71,56
Gail,Garcia,90,77,97,87
Matthew,Fong,99,58,81,52
Mary,Acevedo,72,76,78,86
Conrad,Pena,52,65,87,81
Barry,Adams,99,70,76,61
David,Medley,74,83,91,100
Eric,Jensen,94,57,69,73
Yoko,Meadows,98,58,82,76
Jeanna,Richardson,72,55,74,96
James,Jones,63,89,92,61
Archie,Whitaker,85,57,71,93
Rebecca,Edwards,82,55,96,93
Pearl,Davidson,97,54,53,58
Jesus,Ayers,85,94,70,93
Dennis,Lefler,100,87,52,67
Keith,McNett,81,79,80,75
Nancy,Clark,50,63,77,55
Dolores,Parrish,89,83,63,88
Genevieve,Hull,94,97,73,100
Terry,Copland,98,94,62,72
Kay,Johnson,67,83,58,72
Joan,Lindberg,74,82,62,73
Susan,Walthall,75,62,63,73
William,Peters,62,75,63,75
Linda,Desalvo,76,94,73,89
Harriett,Anderson,58,100,58,51
Carmen,Howard,92,63,75,56
Johnie,Anders,100,99,57,83
Virginia,King,95,51,93,71
Nicole,Romans,83,79,94,84
Heather,Norris,77,90,67,100
Kenneth,Jewett,96,55,59,98
Gilbert,Robey,97,58,91,76
Eddie,Ingram,56,50,80,50
James,Smith,53,97,56,88
Bobette,Esparza,82,66,56,84
Rosa,Byrd,86,99,79,52
Eusebio,Myrick,85,88,60,82
Sandra,Stephen,80,72,77,77
Jose,Reaves,89,57,77,59
Denise,Bender,100,80,60,53
Steve,White,69,91,98,91
Erica,Hamilton,76,58,68,55
Barbara,Sanders,78,69,50,89
Michelle,Curry,73,93,78,66
Steve,Stewart,77,83,69,59
Margaret,Carlo,83,70,90,55
Marie,Quintero,74,72,57,76
Paul,Lambert,59,82,60,81
Devin,Bergh,73,84,53,94
John,Stutler,82,90,63,90
Vicki,Gautreau,78,67,59,81
Cindy,Johnson,83,72,53,70
Maryjane,Pitcher,58,97,59,63
Jennifer,Cooper,62,89,69,58
Veronica,Guan,66,86,77,91
Cindy,Sharp,90,79,65,72
Jonathan,Gilley,66,64,90,57
Reva,Billings,65,70,97,99
Stephanie,Smith,63,62,59,92
Roberto,Forte,96,97,89,72
Debra,Carpenter,69,51,72,72
Joseph,Torres,95,89,72,77
Delana,Stewart,69,97,87,56
Dawn,Gleaves,83,86,56,89
Richard,Melendez,87,52,92,90
Michelle,Freeman,97,96,65,64
Robert,Reynolds,64,62,82,88
Jean,Marshall,78,95,66,83
Jill,Baker,66,70,72,88
Ruby,Gillen,77,97,65,77
Robert,Lessard,56,100,54,67
Jamie,McIntyre,62,97,79,63
Janet,Sartain,50,67,92,89
Faye,Pennington,71,58,80,51
Luis,Smalls,63,51,64,98
Sandra,Burdick,58,68,57,100
Louis,McDaniel,70,79,96,79
Kelly,Armstrong,72,76,53,63
Caroline,Coghill,52,76,100,98
Stuart,Hutton,63,77,89,87
Alan,Laughlin,88,98,97,58
Leighann,Chamness,63,100,79,81
Esther,Nazario,74,54,53,73
Gary,Benjamin,70,62,85,59
Mabel,Olson,72,74,65,86
Emanuel,Galbreath,67,64,88,92
Michael,Smith,55,66,70,55
Justin,Macdonald,81,100,86,73
Kelvin,Swain,51,51,69,88
Bernardo,Holdsworth,84,88,86,57
Elizabeth,Bernard,62,75,99,90
Walter,Chunn,70,61,61,74
Andrea,Hinton,60,96,67,57
Paula,Morrison,57,72,51,74
Shanda,Richards,87,68,62,64
Joann,Babbitt,58,59,91,70
Angela,Sutton,93,75,58,79
Issac,Hasson,76,66,99,93
Mary,Wu,84,71,55,57
Georgia,Cha,76,68,94,98
Sandra,Gran,81,68,98,87
Mary,Snowden,75,94,66,98
Anna,Stubblefield,73,85,60,81
Hector,Howard,73,89,51,59
Irma,Saez,80,66,70,64
Rachael,Jackson,52,100,94,57
Pedro,Kingsbury,94,70,84,50
Donald,Kirk,80,93,68,89
Eleanor,Ray,92,63,73,63
Angela,Hall,99,100,65,90
Michael,Levasseur,98,71,59,79
Debra,Tanner,64,98,98,82
Velma,Charon,83,69,72,77
Johnnie,Carlson,84,88,62,97
Andrew,Lujan,84,84,87,99
Timothy,Esteban,51,78,58,59
Walter,Pettis,54,54,88,96
Robert,Lynn,97,77,60,87
Arron,Lane,50,86,50,56
Aaron,Numbers,84,92,75,61
Polly,Benson,52,84,69,59
Thomas,Burton,85,98,69,91
Dean,Hukill,77,67,54,79
Nina,Murry,67,97,100,79
Joseph,Beauchamp,90,60,77,72
Kimberly,Moore,68,60,60,80
Marvin,Sias,67,91,96,82
David,Forrest,54,81,78,85
Lawrence,Armstrong,95,95,66,91
Albert,Rice,77,72,57,65
Joseph,Decosta,68,53,81,83
Julie,Morales,63,68,53,53
Betty,McCardle,54,52,100,72
Hugo,Jimenez,89,95,73,84
Judith,Boyd,88,61,84,97
Terry,Bassham,91,81,96,64
Rebekah,Faris,57,57,54,57
Kayla,Ray,72,69,84,80
William,Gutierrez,92,58,89,62
Juanita,Brown,94,96,71,93
Peter,Hall,77,90,91,51
Ruth,Hefner,63,77,51,69
Jada,Robinett,79,92,64,94
Karen,Whitsett,63,90,98,88
Hazel,Capps,68,68,66,50
Esther,Fletcher,63,51,96,80
Carolyn,Pangle,91,56,90,89
Laurel,Ward,56,70,61,73
Timothy,Baez,95,54,93,58
Gary,Popp,56,98,97,58
Robert,Konopka,82,63,80,77
Hector,Adams,91,55,66,90
Maureen,White,52,81,83,100
Herschel,Newsome,63,72,98,95
Helen,Shuler,89,60,70,94
Linda,Johnson,56,55,69,63
Andrew,Headley,93,63,64,85
Amber,Williams,74,54,73,58
Carole,Garcia,72,98,80,57
Virginia,Stine,61,59,89,75
Shu,Carpenter,56,80,64,73
Carolyn,Fitzgerald,66,68,73,78
Barbara,Kelly,98,69,62,75
Robert,McKinley,73,93,91,89
Walter,Daniels,56,82,58,51
Dan,Smith,94,60,94,91
Anthony,Lee,61,100,53,57
Phillip,Noyes,83,63,75,96
Shirley,Dolan,52,90,66,70
Betty,Townsend,91,57,94,76
Abbie,Dougan,97,88,57,100
Gloria,Green,51,72,57,59
Gerard,Presley,92,83,52,95
Jenny,Cortez,86,72,68,90
Rose,Rayes,65,78,96,94
David,Benjamin,90,87,55,70
Gladys,Hamilton,65,58,52,62
Brian,Gay,96,53,56,78
Alexander,Palazzolo,63,83,79,52
Martha,Beam,86,98,87,82
Aimee,Mateo,53,66,80,69
Steven,Lawrence,86,75,54,69
Roger,Poston,60,83,73,95
Casey,Fleming,72,60,77,78
James,Winslow,92,86,83,68
Gregory,Davis,89,75,74,96
Paige,Smith,61,99,88,50
Daniel,Hunt,69,58,81,60
Carolyn,Stillwell,75,77,69,88
Henry,Pulliam,66,93,79,80
Beverly,Reyes,87,66,82,78
Krista,Crow,64,58,52,51
Manuel,Ramey,97,91,78,94
Ivan,Marmol,88,90,54,93
Kelly,Nyquist,89,78,88,55
Jane,Slaughter,55,82,64,65
Ricardo,Fizer,64,71,98,66
Paula,Brown,53,81,65,50
Valerie,Brown,55,86,92,71
Trevor,Vanzant,82,92,58,68
James,Bayless,72,100,83,60
Donald,Steveson,81,83,63,58
Benjamin,Hight,94,62,50,63
Robin,Shabazz,81,70,52,78
Ruby,Taylor,66,68,95,68
Kyle,Hill,99,92,91,84
Pauline,Payne,60,74,100,52
Brad,Anderson,88,59,98,100
Gail,Marco,98,52,72,83
Clyde,Boland,81,67,69,68
Willie,Sanders,61,53,73,82
Andrew,Pacheco,68,60,59,74
Darrell,Rock,56,56,87,63
Michael,Clayton,50,99,67,96
Todd,Jensen,75,84,63,85
Jesse,Lyon,63,68,82,74
Marian,Glenn,74,58,93,60
Marianne,Derouen,69,71,98,53
Mario,Martinez,70,78,69,57
Henry,Noe,62,89,95,100
Gary,Rigsby,87,66,89,80
Edna,Hover,56,89,88,91
Gregory,Pierce,87,57,97,93
Diana,Feldman,94,66,61,59
Vicky,Smith,94,82,94,66
William,Scherer,69,70,82,84
Octavia,Barge,52,99,73,64
Jeremy,Thurmond,93,81,55,53
Cheryl,Garcia,90,88,79,93
Brad,McElrath,75,85,54,50
Mark,Murdoch,70,66,69,79
Terry,Robbins,90,98,50,60
April,Decamp,89,79,92,96
Jesus,Williams,61,88,90,59
Leon,Erb,60,79,84,52
Jonathan,Bourque,72,68,59,82
Matthew,Richardson,66,88,99,54
Carolyn,Richardson,60,68,94,89
Ruth,Gary,72,55,61,99
John,Merino,79,74,82,65
Danelle,Granger,87,92,54,79
Dora,Toombs,94,52,98,95
Glenda,Black,74,66,96,85
Harry,Brooks,74,89,57,88
Joanne,Barge,90,72,76,59
Tosha,Terrazas,77,95,88,63
Carrie,Nevers,58,98,98,76
Clay,Gregory,61,82,93,85
Robert,Ayala,77,52,56,70
Carl,Burr,83,68,61,62
Judy,Smith,99,68,51,89
Michael,Decker,78,69,75,89
Marcos,Wu,79,77,82,95
Alice,Germany,70,84,69,87
Matthew,Steeves,76,98,94,79
Alvin,Carballo,100,100,58,96
Roderick,Paradise,60,59,97,62
Laura,East,77,96,75,65
Consuelo,Gillespie,76,94,92,90
Lisa,Seery,79,92,82,66
Maggie,Jones,73,95,62,80
Dana,Hara,61,61,96,65
John,Mims,55,50,86,50
Christopher,Campbell,65,71,51,61
Wendy,Mullins,70,93,77,99
Shannon,Parham,62,62,68,91
Darren,Hackworth,73,76,82,85
Sara,Bloom,52,80,57,80
Keith,Rowan,52,94,69,60
Barbara,Truesdale,73,52,63,94
Joe,Stephenson,50,72,63,88
Erika,McAllister,60,100,84,91
Frank,White,98,51,82,66
Fanny,Jenkins,75,83,87,75
Ramona,Jones,58,79,68,70
Carlos,Harrison,67,94,76,61
Fred,Valdovinos,65,78,82,67
Erin,Tatum,62,75,97,67
Jeana,Hernandez,52,54,100,63
Mary,Gonzalez,92,100,95,80
Jason,Allen,55,94,86,93
Antonio,Bernstein,96,84,97,88
Michele,Petersen,99,80,72,64
Lacey,Marshall,54,53,57,58
Lydia,Williams,61,83,70,65
Marilyn,Bradt,72,83,73,83
Todd,Springer,80,65,98,74
Herbert,Lane,82,52,82,74
Andrew,Thach,72,58,77,52
David,Marsh,97,70,98,51
Sherilyn,Wynter,82,51,93,80
Richard,Navarette,94,70,78,86
Nancy,Mullen,72,99,60,83
Janell,Romine,88,55,89,91
Kenneth,Arnold,65,66,53,84
Kerry,Freeman,57,76,92,69
Christopher,Brown,74,52,63,53
Sharon,Smith,98,91,85,84
Rosa,Kaufman,57,96,70,57
Scott,Bernal,69,87,76,73
Terry,Roberts,76,79,55,51
Brittany,Garza,62,67,92,68
Rey,Murphy,100,88,84,92
Bobbie,Nelson,89,87,83,70
Hope,Wetzel,96,51,94,70
Jesse,Robertson,66,73,86,63
Mark,Brown,83,60,97,73
James,Gann,66,88,69,89
Heather,Humphrey,76,93,91,73
Ralph,McCauley,60,53,68,90
Bradley,Coleman,95,75,80,96
Michael,Johnson,58,72,50,96
Dawn,Hernandez,67,86,54,75
Robert,Salazar,100,67,96,56
Thomas,Miller,86,51,58,97
Bobbie,Cannella,78,63,69,59
Thomas,Dubose,76,77,71,69
Jillian,Davidson,61,81,89,88
Ruby,Rabago,85,91,79,80
Norman,Brashears,56,51,80,96
Nina,McMahon,62,52,97,51
Dominic,Turner,75,73,91,54
Erica,Damico,67,99,53,57
Helen,Schweizer,93,57,50,88
Robert,Taylor,62,62,97,78
Silva,Smith,73,96,60,87
Ona,Ocasio,66,51,65,52
Burl,Woodman,95,97,91,94
Shawn,Stanley,98,91,67,69
John,Garces,87,65,57,90
Stephen,Smart,82,59,86,84
Mary,Dorsey,71,96,69,88
Paul,Cartwright,97,95,57,85
Mitchell,Rogers,59,91,66,91
Marian,Morales,82,67,78,63
William,Lehman,51,72,86,81
Donald,Reyes,54,73,81,85
Maria,Appling,95,75,82,59
Alexandra,White,66,78,58,74
Jeanette,Little,84,91,51,70
Thomas,Winer,55,61,88,78
Michael,Johnson,93,98,87,86
Russell,Thomas,99,100,56,52
Rita,Blewett,85,59,77,66
Brenda,Royal,90,51,63,81
Cynthia,Croll,78,92,99,84
Brandee,Dube,80,69,71,58
Florence,Bellows,88,71,99,76
Steven,Cummings,59,68,92,78
Kenneth,Fleming,76,64,78,73
Lester,Fairfax,50,56,53,94
Susan,Beck,61,71,51,86
Lynn,Lamontagne,56,83,58,53
Benjamin,Henderson,98,72,85,73
David,Hess,76,56,76,62
Sandra,Sansbury,61,84,87,52
Sandra,Hedges,74,93,90,78
Richard,Hill,66,66,61,53
Troy,Hagedorn,95,88,68,74
Mary,Robertson,98,69,93,78
John,Miller,63,91,74,99
Christopher,May,97,93,84,75
Wayne,Taylor,60,76,77,100
Thomas,Auger,91,82,83,59
Richard,Mitchell,74,74,65,65
Raymond,Quinlan,83,61,90,63
Victoria,Landis,53,60,56,52
Steven,Best,88,74,99,91
Jesus,Sauceda,75,84,53,66
Nathan,Crawford,84,96,69,78
Marcelino,Roberto,69,80,76,63
Donna,McCarthy,59,56,57,97
Harry,Robinson,63,70,77,94
Marguerite,Decker,87,76,75,72
Chris,Proper,68,93,86,99
James,Murray,59,60,66,71
Kirby,Foxworth,95,83,75,50
Brian,Delacruz,60,78,50,94
Ana,Magana,57,61,74,68
William,Bryant,60,53,63,74
Ruby,Camp,58,76,64,63
Stanley,Keeney,70,91,87,82
Eldon,Wallace,71,100,55,75
Delores,Lewis,58,66,83,83
Mark,Brock,51,79,78,76
Mary,Delgado,91,75,60,63
Cheryl,Blount,96,63,80,81
Claude,Galvez,91,85,88,63
Joyce,Pearson,85,85,52,77
Donald,Spear,61,82,64,74
Mario,Layden,68,51,95,83
Abby,Sanders,90,92,55,75
Essie,Coble,76,68,53,77
Abel,Griffin,79,72,86,92
Robert,Oglesby,72,56,95,73
Bernard,Alvarez,87,84,97,100
Dave,Mowery,69,74,58,60
Rachel,Scott,55,56,58,84
James,Williams,83,96,66,89
Yolanda,Whitfield,73,59,51,50
Belva,Shea,90,87,69,75
Daryl,Smith,86,69,100,88
Phoebe,Johnson,56,65,60,75
Frank,Feuerstein,94,73,94,87
Joan,Oh,60,64,94,100
Elizabeth,Welch,61,58,82,55
James,Blankenship,79,84,68,61
Doreen,Jackson,100,97,69,51
Tatiana,Taylor,92,81,98,61
Kenneth,Ferrell,71,86,68,79
Mi,Buckner,59,86,64,64
Megan,Stever,81,89,77,79
Stephen,Iversen,61,78,55,66
Tiffany,Damico,77,94,73,77
Kenneth,Cox,61,54,84,94
Joseph,Morris,57,58,57,95
Debbie,Doxey,54,87,69,78
Connie,Laird,76,100,77,80
Rodney,Case,93,59,51,59
Lynda,Matson,73,55,53,70
Doris,Ortiz,69,65,65,88
Lillie,Contreras,71,84,82,73
Carolyn,Salas,91,100,54,91
Sheena,Mayer,90,69,83,52
Margaret,Williams,53,74,67,66
Nicole,Peoples,92,58,81,54
Karen,Hutton,72,69,52,56
Jean,Johnson,83,82,100,50
Robert,Carrasquillo,85,75,93,92
Fern,Brown,89,56,63,86
Joann,Wallace,67,66,64,72
Charles,Schmucker,70,66,54,87
Howard,Walter,55,63,61,88
Raymond,Crawford,82,64,57,70
Alma,Hill,93,80,91,98
Pearl,Cole,85,56,65,55
Anthony,Scheetz,96,98,71,80
Leah,Sheldon,67,57,75,65
Wayne,Peterson,87,74,83,72
Dorothy,Cormier,69,54,76,79
John,Terrell,97,79,63,84
Debra,Clayborn,57,63,88,84
Jennifer,Sorensen,75,55,84,85
Cassandra,Mallory,60,56,72,74
Jason,Gonzalas,75,95,88,92
Walter,Vaughn,73,100,81,61
Robert,Lutz,71,99,88,57
Mattie,West,95,93,81,92
Philip,Delgado,86,59,87,87
Terry,Ornellas,62,57,66,98
Theresa,Sweeney,68,59,71,100
Michelle,Heath,61,66,60,61
Margaret,Patton,61,66,60,86
Cody,Montoya,87,95,93,67
Diane,Johnson,80,63,90,69
Robert,Stratton,89,56,98,66
Sharon,Johnson,61,91,100,94
Francisco,Clark,66,97,91,53
Becky,Kelly,54,59,90,92
Mary,Love,56,50,62,50
Gladys,Gholson,93,80,52,76
Hong,Belew,86,66,57,50
Cheryl,Lee,53,81,90,59
Henry,Elliott,74,97,69,62
Renee,Lee,74,67,91,63
Thomas,Peterson,89,74,52,64
Vicki,Nick,80,84,72,79
Kimberly,Strain,89,56,53,74
Carl,Singer,74,77,77,57
Eula,Reyes,66,82,95,55
Christine,Howard,99,65,98,85
John,Hampton,73,70,71,50
Robert,Johnston,67,94,62,51
Samatha,Dooley,58,83,69,86
Christine,Leatherman,100,87,86,90
John,Young,85,73,60,56
Robert,Post,67,78,88,83
David,Rojas,76,54,94,61
Kelly,Mattson,75,82,76,76
Charles,Keeble,92,99,51,66
Rebecca,Gardner,76,86,54,56
James,Fernandez,62,55,62,97
Jose,Tilly,86,79,77,98
Margaret,Brown,86,64,86,67
Kathleen,Trujillo,72,57,98,78
Miquel,Barnes,86,66,55,67
Edythe,Walters,78,50,81,66
Philip,Sullivan,100,94,100,92
George,Foster,57,67,61,53
Consuelo,Cavanaugh,79,93,67,65
Henry,Zimmer,69,55,98,58
Douglas,Norton,96,55,96,63
Louis,Gerhard,63,68,78,87
Anna,Maynor,57,99,78,95
Paula,Hughes,76,63,76,50
Charles,Gonzalez,65,91,77,87
Marvin,Melendrez,50,50,82,82
John,Jordan,90,84,99,62
Julie,Arguello,91,83,85,85
Marvin,Holden,97,50,80,98
Zachery,Kunkel,75,85,63,70
Barbara,Simon,74,51,100,91
Darrell,Rodgers,93,70,69,63
Ryan,Conroy,94,69,71,63
Samuel,Rathbun,53,74,99,76
Barry,Wang,96,51,81,72
Joseph,Norwood,90,80,76,100
William,Lowenthal,73,64,78,58
Herman,Barnett,55,53,63,76
Brenda,Cox,70,76,79,63
Donald,Shaw,53,92,91,93
Ericka,Orlando,57,94,59,62
Alva,Washington,68,56,69,90
Raymond,Hong,63,69,92,50
Adan,Alfred,79,76,75,82
Melissa,Paredes,64,58,66,76
Virginia,Ferrell,76,71,94,50
Rosemarie,Chavers,66,67,61,79
Steve,Owens,74,80,62,93
William,Austin,58,70,58,99
Delbert,Harvey,68,60,83,77
Michelle,Farrell,98,64,78,87
Mary,Hand,95,80,74,55
Dottie,Candelaria,83,92,87,79
Adam,Kurtz,50,79,90,82
Thomas,McLellan,72,59,55,53
Cassie,Siler,84,89,54,95
Elizabeth,Turner,95,67,51,73
Audrey,Garmon,65,69,96,95
David,Greenberg,56,97,96,56
Sherrie,Stone,58,74,98,90
Edmund,Hatch,90,70,93,51
Leah,Bland,88,62,53,81
Samira,Mendelson,63,52,54,98
Brandy,Chavez,90,83,50,58
Virginia,Roberts,82,97,77,85
Eileen,Torres,89,53,68,54
John,Christopher,57,87,53,92
Angelica,Washington,100,58,95,78
Kathy,Wright,63,84,87,91
Melissa,Etter,94,56,67,83
Walter,Hildreth,63,84,74,69
Faith,Fortune,63,69,72,99
Richard,Mattox,86,93,53,73
Dale,Sumpter,80,79,65,50
Deanne,Moore,62,87,76,81
Alisia,Koster,54,61,96,54
Kenya,Davis,62,57,63,56
Clyde,Hammer,63,67,59,72
Terence,Hill,52,95,89,86
Paul,Morgan,63,73,91,68
Jose,Fluellen,100,87,93,67
Maria,Church,94,52,100,69
James,Eslick,92,66,67,94
Stephaine,Carpentier,69,85,64,96
Kenneth,Logue,62,86,68,71
Michael,Galloway,88,85,76,66
Xavier,Roseboro,73,61,57,52
Kyle,Chavez,55,60,51,89
Eric,Jones,63,81,74,54
John,Hill,75,72,70,61
Mary,Robinson,100,91,79,74
Laura,Wall,56,80,76,91
Johnny,White,70,97,53,92
Jonathan,Vigil,66,90,50,80
Zachary,Gonzalez,56,76,91,90
Marilyn,Kibby,67,70,73,100
Stanley,Lawrence,98,54,78,50
Martin,Hernandez,95,98,93,97
Harry,Kelley,93,59,81,94
Vicki,Burchard,51,67,55,52
Betty,Watson,74,54,76,99
Peter,Gutierrez,62,88,87,77
Sandra,Schneider,55,80,100,74
George,Gingras,65,70,72,61
James,Flannagan,60,82,67,51
Joseph,Howle,57,85,100,82
Margaret,Gragg,100,74,86,84
Stephen,Odell,52,84,62,58
Ivan,Dew,60,66,52,78
Julie,Dammann,100,60,81,91
Leisa,Thomas,79,84,53,55
Pamela,Lemmons,99,88,72,84
Mary,Roseman,61,63,67,53
Tamara,Carroll,51,94,92,88
Janice,Watson,59,78,63,79
Shirley,Lang,82,80,54,51
Lucille,Bush,77,89,58,70
Peggy,Swank,94,94,96,57
Todd,Aguiar,94,57,65,68
Lisa,Stinson,51,76,83,84
David,Butler,68,70,72,92
Albert,Newcomb,61,98,85,60
Stacy,Bryant,51,59,74,58
Sarah,Rotter,53,80,54,86
Mae,Liu,93,77,57,86
Lillian,Macpherson,74,85,57,72
Jennifer,King,73,52,59,82
Terri,Machado,61,83,76,56
Margaret,Pellerin,100,84,70,72
Carman,Treadway,68,82,89,74
Tina,Williams,100,84,67,57
Jonathan,Robinson,80,64,91,73
Sarah,Herndon,95,94,99,80
Kathryn,Pineda,91,56,85,90
Todd,Calvert,70,91,58,79
Martine,Blankenship,82,91,93,81
Bruce,Amburgey,97,70,68,61
Maria,Olson,95,79,98,89
Lauren,Phillips,66,100,89,58
Paula,Brandon,64,98,55,95
Wilson,Alvarez,78,52,57,82
Trisha,Crawley,54,93,57,63
David,Stamper,86,55,87,62
Bryan,Nelson,86,74,54,71
David,Serrano,72,77,73,52
Robert,Bell,77,66,72,100
Cecil,Robinson,84,98,60,60
Luis,Lloyd,87,94,69,79
Kathleen,Torres,56,96,68,96
John,Frazier,85,81,71,94
Martha,Rode,53,73,80,65
Rebecca,Hall,77,53,86,72
Edward,Bouffard,94,55,92,61
Ronnie,Smith,62,65,83,100
Russell,Fraser,82,84,68,99
Darrin,Johnson,88,60,83,55
Gertude,Hinkle,64,95,91,94
Thomas,Eastep,67,93,85,100
Kelley,Milton,79,69,86,97
Richard,Garcia,55,70,64,73
John,Justus,63,97,64,52
Kevin,Whitney,72,100,82,96
John,Thomas,78,59,77,74
Olivia,Nelson,63,55,52,63
Matthew,Higgins,86,93,66,89
Ellen,Zenon,83,95,63,55
Frank,Baumgart,73,93,64,58
Katie,Robinson,85,51,88,64
Dustin,Londono,79,70,80,83
Arthur,Miller,98,69,66,68
Brandy,Chiesa,100,52,78,98
Karen,Dave,50,86,72,89
Micheal,Machado,72,87,93,69
Anna,Roper,90,73,88,64
Angela,Oller,72,86,54,61
James,Cox,65,85,77,52
Percy,Ashlock,92,65,85,68
Frances,Dixon,94,77,68,56
Anna,Snow,83,55,68,97
Daniel,Marcum,51,58,68,64
Margaret,Leslie,55,68,87,73
Brooke,Owens,93,83,68,87
Robert,Bass,88,57,53,70
Robert,Lewis,64,94,75,89
Carl,Castle,77,62,96,100
Vicki,Gee,95,53,67,65
Rita,Archie,78,72,73,70
Mark,Mills,76,61,57,71
David,Gonzalez,70,56,100,56
Phil,Bagby,75,60,80,86
Leonor,Perry,93,62,79,99
Brenda,Portwood,82,50,65,71
Pearl,Beard,82,92,96,92
Jessica,Shelton,73,78,97,55
Michael,Smith,50,72,81,87
Bernadette,Wiese,53,64,68,66
Harold,Oglesby,85,55,53,79
Joan,Matteson,98,56,88,99
James,Wilson,85,79,60,75
Jean,Millett,88,85,66,59
Richard,Veilleux,95,100,93,51
Maudie,Ziegler,96,66,94,81
Carol,Thomas,93,57,56,57
Edith,Banks,78,72,93,73
Sarah,Nichols,75,56,74,54
Joshua,Israel,69,68,74,64
Gary,Nolan,57,70,76,91
William,Solomon,65,93,92,86
Eugene,Partridge,84,54,53,98
Henry,Klingler,88,68,79,89
Daniel,Berry,67,55,64,95
Sarah,Williams,91,95,93,78
Walter,Lightner,61,100,82,69
William,Andrew,70,85,63,70
Donna,Lafrance,86,94,93,100
James,Marx,78,89,66,84
James,Montoya,100,97,66,87
Alissa,Hardin,77,74,78,92
Michael,Chandler,61,69,73,89
Stephen,Wilkins,92,77,82,94
Trudie,Walker,95,52,90,64
Hector,Casanova,78,66,88,79
Paul,Valentine,86,51,54,73
Richard,Helsel,79,91,67,81
Cathy,Watson,72,58,55,69
Damian,Martin,87,86,68,98
Lance,Richards,76,59,95,90
Manuel,Galli,51,80,66,97
Cedric,Tindell,58,93,79,69
Sarah,Gonzalez,65,94,66,59
Agnes,Vo,72,79,52,100
Ruth,Eads,87,77,71,54
Robert,Russell,88,86,100,91
Jack,Finn,92,60,99,82
Gladys,McCoy,91,86,89,82
Carmen,Brookshire,58,92,82,51
Miguel,Williams,68,97,62,87
George,Gaiter,54,53,59,88
Mark,Bailey,89,68,77,76
Art,Johnson,90,61,75,86
Tony,Boone,66,95,69,57
William,Koch,81,89,82,59
Franklin,Gough,71,97,55,85
Nicole,Stickley,53,52,50,77
Van,West,77,92,57,99
Maria,Stpierre,80,84,82,62
Neva,Snyder,61,57,99,81
Israel,Lopez,57,56,56,71
John,Springs,57,71,85,66
Karen,Livingston,94,70,86,94
Edward,Neal,72,65,54,70
Archie,Cohen,100,60,63,89
Barry,Wilson,58,56,85,97
Kelly,Barnett,79,51,60,73
Ralph,Sheldon,84,97,56,62
Theresa,Casey,61,51,75,99
Hugo,Cook,53,60,76,81
Horace,Friend,85,76,78,82
Linda,Hemphill,86,88,54,58
Bert,Gordon,73,53,55,54
Melissa,Evans,84,77,82,74
Scott,Davis,77,67,57,62
Janet,Schilling,63,78,70,93
Carolyn,Marble,80,63,76,99
Lisa,Nelson,50,98,98,98
Debbie,Cook,81,63,92,73
Aaron,Briseno,57,92,90,90
Scott,Carter,83,76,67,95
Milan,Doi,76,53,93,93
Steve,Fitzgerald,62,69,73,89
Heather,Cassidy,89,72,57,56
Rosalinda,Haynes,62,74,100,76
Ron,Lowe,69,80,81,77
Wayne,Rodriguez,88,55,55,82
Timothy,Conner,54,64,90,66
Scott,Carrizales,90,83,83,89
Norma,West,76,69,68,80
Lydia,McAllister,100,100,58,70
Kathleen,Phan,76,67,93,85
Jane,Eldridge,86,80,65,75
Hilma,Cohen,54,72,74,62
Vanessa,Mandell,99,95,64,70
Regina,Teeters,58,83,85,55
Patricia,Byrd,100,56,69,80
Thomas,Lines,66,93,70,75
Karl,Johnson,64,96,66,81
Connie,Crutcher,93,93,56,64
Mary,Howington,72,67,57,68
Pauline,Scales,82,64,64,81
Lois,Lester,97,95,73,72
Greta,Smith,60,61,85,97
John,Valdes,53,54,58,84
Owen,McLean,73,90,89,66
Michael,Finnegan,51,57,77,57
Odell,Hassell,87,82,83,62
Bill,Gonzalez,66,92,55,75
Jeffery,Whitten,74,59,75,83
Donald,Porter,65,52,97,57
Linda,Huseby,71,81,89,74
Jerry,Waldron,80,77,96,73
Alan,Coleman,68,95,74,80
Joan,Coleman,70,65,60,89
David,Owens,67,52,72,54
Bennie,Morrison,87,50,58,72
Ethel,Hill,67,60,95,78
Randy,Hammond,82,53,54,92
Elizabeth,Wash,54,83,61,95
Raymond,Jacobson,62,67,79,88
Kyle,Cintron,61,88,69,83
William,Reed,98,52,94,51
Matilda,Lane,60,79,79,52
Sherry,Wilkins,86,86,95,97
Cassandra,Herman,82,69,51,86
Elmer,Cole,89,97,99,68
Ronald,Akers,76,51,87,55
Curtis,Doris,84,85,75,73
Steven,Logan,57,88,58,91
Laura,Regalado,62,84,91,61
Sandra,Baker,62,78,62,74
Tina,Johnson,55,85,90,95
Adam,Montiel,52,59,84,75
Donna,Rivera,82,100,82,98
Forrest,Kennedy,53,57,94,62
Todd,Dennis,71,55,62,99
Christopher,Massey,76,54,56,83
William,Blackburn,86,87,73,73
Bill,Voris,72,98,96,62
Joann,Lanier,70,87,51,91
Rachel,Benedict,79,88,66,57
Margaret,Gorski,87,67,92,59
Willie,Danek,88,55,74,70
Lorraine,Price,88,90,59,64
Joanie,Grise,94,55,64,70
Vernon,Collins,95,59,62,80
Shelia,Schlueter,66,89,60,65
Joy,Barnes,61,53,94,62
Esther,Bove,85,60,56,86
Paul,James,79,65,84,95
Denise,Barlow,54,88,85,68
Mattie,Newton,80,74,94,79
Brigette,Davidson,50,91,95,90
Faviola,Hawkins,52,74,86,74
Melissa,Applin,54,60,68,76
Esther,Couto,61,78,71,64
Celeste,Collins,81,77,57,60
Savanna,McHenry,58,97,86,56
Russell,Johnson,86,65,69,100
Joseph,Bell,86,100,89,86
Norman,Giddings,76,99,61,56
Paul,Boone,73,99,57,99
Lewis,Schmidt,77,81,97,58
Calvin,Snow,71,81,65,89
Paul,Fairweather,82,95,51,76
Gary,Smith,77,60,81,99
Suzanne,Holmes,93,85,88,99
Robert,Daniels,67,94,58,51
Erica,Ward,87,54,84,57
Odessa,Douglas,100,65,93,79
Tonya,Moore,63,55,58,59
Frank,Deckert,60,88,89,61
Hazel,McDonald,62,87,63,69
Wanda,Cramer,50,78,100,55
Alicia,Maloney,88,88,91,82
William,Ryan,98,88,96,69
Martha,Gardner,99,57,67,52
Kristi,Lozano,68,73,99,75
Donald,Bailey,65,86,64,76
Sara,Segura,100,82,88,56
Kenneth,Weeks,50,95,65,79
Johnathon,Garon,59,50,79,78
William,Ward,75,69,75,58
Mario,Brown,50,72,80,77
Harold,Pham,64,56,71,52
Rhoda,Baker,79,73,94,52
Nancy,Lane,73,96,93,88
Freda,Halley,63,63,54,65
Caroline,May,92,71,95,73
Leslie,McKay,51,58,74,65
Kathryn,Wyatt,90,76,81,72
Deanna,Tucker,96,75,83,73
Joseph,Randall,71,61,65,87
Anthony,Fields,99,50,98,92
Ryan,Hawkins,79,93,74,76
Kimberly,Rock,82,100,74,52
Stephen,Elks,92,60,64,79
Amos,Cooke,73,71,72,100
Victoria,Bowen,67,70,85,63
George,Miller,89,54,94,91
Mary,Crosby,60,77,54,52
Sally,Matthews,54,83,79,52
Glen,Dunlap,89,77,70,73
Robert,Cola,90,79,84,65
Joe,Seamons,79,94,71,67
Latoya,Lawhorn,62,51,92,54
Margaret,Rojas,83,83,58,71
Tasha,Watson,99,89,81,70
Virginia,Fletcher,82,98,63,58
Jovita,Davis,79,91,81,99
Julie,Schmidt,59,60,63,68
Peggy,Ortega,95,86,98,85
Wm,Gibbons,80,64,58,54
Ruby,Lindsay,97,79,59,50
Herbert,Wells,95,57,54,92
Elizabeth,White,54,76,61,54
Ramon,Thomas,64,95,80,87
Harold,Warren,59,62,57,70
Aundrea,Kirby,88,55,86,68
Claire,Brown,84,86,94,100
Maria,Flowers,92,66,55,92
Reginald,Salerno,66,74,61,82
Barbara,Boykin,90,77,64,65
Scott,Landry,81,62,98,97
Paul,Wilson,83,98,63,83
David,Bradley,70,77,96,53
Ma,Seo,63,51,81,69
Elmer,Ward,84,51,70,90
Joseph,Rivera,100,60,86,94
Jesse,Larrabee,97,86,73,63
Danielle,Slack,60,100,99,56
Linda,Lopez,89,81,73,96
Kendall,Charlton,75,92,84,61
Carlene,Brown,70,85,52,72
Olivia,Pugh,87,57,84,79
Jennifer,McLean,60,79,100,52
Margaret,Dandrea,61,84,65,71
Ronald,Donovan,97,85,55,79
Ramon,Smith,74,65,74,80
Neil,Foster,90,65,54,91
Angela,Fields,78,68,86,92
Robert,Robillard,87,56,98,92
Stephanie,Galle,71,69,100,91
Walter,Mathena,96,73,51,73
Lauri,Rodriguez,56,79,53,87
Emily,Howard,59,62,66,98
Ilona,Yunker,92,56,65,61
Jody,Burkhart,72,60,56,94
Bill,Lloyd,83,98,79,66
Julie,Johnson,51,78,74,52
Violet,Chapin,58,94,62,91
Eric,Littlejohn,90,53,71,87
Eric,Beaman,99,90,99,81
Carl,Whitcomb,70,88,73,65
Warren,Summers,72,66,83,73
Horace,McKelvey,72,91,77,51
James,Davila,65,81,88,86
Jennifer,McKay,75,67,80,98
Peter,McGough,77,71,79,78
Janice,Thomas,51,100,76,75
Brain,Gatto,84,66,85,63
Sherry,Ransom,79,71,58,71
Harrison,Walker,61,61,54,90
Celia,Davenport,65,91,71,88
Lanita,Maravilla,99,60,65,81
Leonard,Battle,62,78,58,97
David,Dingman,66,72,92,89
Tracy,Warren,59,98,81,91
Francine,Grove,52,52,88,58
Irwin,Tierney,58,87,78,68
Bradley,Louis,86,80,61,67
Don,Eastwood,54,98,83,79
Rachael,Matthews,79,66,68,96
Faye,Mixon,80,84,90,81
Philip,Spencer,91,56,78,53
Stephen,Moore,89,57,89,57
Robin,Davis,98,77,82,81
Travis,Chason,93,59,94,94
William,Myrick,50,87,79,76
John,Usry,53,95,99,78
Michael,Serrano,94,66,78,71
Stephanie,Smith,81,57,82,63
Larry,Julius,69,86,65,74
Frances,Winstead,60,72,94,76
Linda,Baumgarten,98,85,93,61
Francine,Reinert,71,79,95,81
Paula,Hackney,78,67,59,93
Gerald,Williams,97,65,97,97
Brenda,Duncan,96,97,60,68
Debra,Troutman,69,93,60,70
Roseanne,Northern,73,56,86,56
Adela,Young,51,77,77,74
Adam,Hanley,95,86,72,85
Mamie,Cobb,72,64,52,80
Frank,York,67,66,77,98
Ellen,Frison,94,63,62,78
Julie,Sinclair,91,81,54,96
Christine,Maynard,65,83,83,97
Selena,Haile,77,68,56,76
Marion,Robinson,50,77,59,80
Jaclyn,Caldwell,75,85,95,57
Luis,Popp,73,56,89,85
Raymond,Lane,81,58,78,50
Debbie,Kim,98,53,86,53
Daniel,Mata,67,53,75,62
Albert,Willis,97,92,77,53
Bryan,Kirkpatrick,78,80,53,75
Gregory,Johnson,63,53,63,98
Kris,Wright,83,65,87,62
Emily,Miller,71,78,61,73
Donna,Chandler,75,86,86,92
William,Scarborough,82,51,70,93
Mary,Dyer,72,65,56,64
Jerry,Clark,62,81,53,51
Andrew,Ellison,64,92,82,83
Mark,Mong,80,70,64,54
Colleen,Robinson,51,93,99,58
Harvey,James,67,61,85,63
Latisha,Matthews,79,58,70,58
Scott,Asher,61,75,89,61
Donald,Slater,56,50,82,83
Dorothy,Paulino,75,69,60,58
Barbara,Mars,80,88,69,75
Alfred,Arias,68,86,59,90
John,Johnson,80,54,81,67
Deborah,Newman,65,86,96,73
Corina,Carter,93,77,98,54
Cornelius,Medlin,62,79,68,92
William,Jimenez,69,86,53,69
Martha,Caves,92,52,60,59
Allen,Davidson,67,75,51,80
Raymond,Joyce,69,64,78,52
Michael,Logan,79,50,70,84
Daniel,Lambert,86,97,77,77
Mary,Hiser,57,60,78,58
Gregory,Willhite,92,89,54,53
Joseph,Bollinger,50,58,91,59
Patricia,Bollman,76,71,93,63
Aaron,James,63,94,73,84
Lillie,Christie,71,63,94,63
Mary,Gardner,59,63,60,67
Roger,Rogers,73,61,94,82
Verena,Matsumoto,98,67,84,57
Kathy,Kapp,87,85,71,62
Donald,Williams,68,65,77,96
Greg,Carpenter,54,62,84,77
Stuart,Short,90,71,56,63
Richard,Clark,56,53,80,88
Sara,Lafferty,73,70,87,63
Carlton,Miller,71,62,66,52
Amy,Webb,63,91,79,78
Joann,Moua,56,71,70,52
Joe,To,97,87,64,89
Fredrick,Graves,73,59,67,75
Wanda,Knox,66,92,69,87
Eduardo,Williams,72,100,63,84
Susan,Campbell,85,66,57,97
Lucille,Lord,53,77,72,60
Julio,Maiorano,92,62,61,100
Elaine,Lor,83,57,81,77
Jeffrey,McCallister,100,60,74,67
Ron,Pulaski,94,95,87,75
Deborah,Lee,92,60,95,75
Cristobal,Jacobs,59,94,92,92
Gerald,Tilford,66,64,64,89
Mary,Moore,80,99,97,79
Joanne,Nowakowski,69,73,80,78
Kyle,Mitchell,64,63,83,77
Joyce,Davis,68,65,51,72
Lawrence,Watson,67,100,65,94
Brian,Frank,54,63,100,51
Connie,Chase,75,86,54,68
Austin,Revell,99,70,57,89
Brett,Peachey,75,71,78,82
Elizabeth,Nuzzo,78,56,67,96
Paul,Cotter,84,70,70,92
Evan,Board,54,57,91,58
Robert,Kerr,78,65,57,86
Leonard,Luker,91,82,61,92
Joan,Etheridge,75,60,98,54
Cynthia,Usher,54,68,62,63
Sabrina,Walsh,64,86,91,52
Celina,Rogers,72,78,77,57
Doris,Mace,95,79,62,50
Edna,Galloway,78,52,91,69
Frida,Hughes,52,79,50,92
Darrell,Bray,100,68,98,69
Mark,Shannon,90,78,82,64
Diane,Ros,60,73,56,63
Donna,Terry,89,78,58,59
Mae,Cole,60,86,90,74
Remedios,Palmer,61,99,72,73
Helen,Usher,61,54,59,58
Janell,Zhang,92,52,100,54
Yvonne,Smith,93,100,88,62
Thomas,Privette,77,99,59,79
Doris,Molinar,61,75,92,74
Mandy,Prudhomme,79,87,77,67
Jennifer,Hanson,61,64,92,68
Enrique,Olsen,60,55,50,77
Suzanne,Shields,52,93,53,65
Justin,Frison,61,100,65,93
Carolyn,Houser,71,84,63,67
Junior,Coyle,86,86,77,82
Christine,Harris,65,67,94,68
Aracely,Torres,69,74,72,73
Gerald,Brungardt,68,98,66,100
Earl,Baker,53,56,54,61
Adah,Gaines,67,60,60,58
Tom,Johnson,98,70,92,78
Edra,Brooks,73,67,63,88
Dustin,Say,82,90,66,99
Joseph,Grimm,63,92,70,57
Joane,Luna,70,78,77,78
Elaine,Lee,59,91,89,65
Jean,Shannon,75,70,90,70
Robbie,Ordonez,50,62,97,65
Michelle,Johnson,55,50,70,83
Albert,Colella,81,75,69,76
David,Patterson,52,94,72,93
Geraldine,Moore,69,89,87,78
Caitlin,Chamberlin,94,86,83,71
Jesus,Hodges,57,90,73,63
David,Barber,74,91,71,53
Maria,Daniel,95,65,73,50
Jack,Thigpen,74,64,52,91
Allene,Belz,62,91,65,83
Shannon,Wilcher,50,53,52,55
Angela,Steveson,50,51,61,93
Marsha,Loveland,52,53,98,58
Betty,Amidon,65,72,50,50
Travis,Bovee,90,100,79,91
Jessica,Wood,50,82,61,67
Bessie,Rousseau,93,75,69,54
Tonya,Robins,99,52,83,66
Lynn,Yearby,54,60,93,98
Hulda,Reid,96,52,53,73
Louise,Hardin,99,73,78,67
Paul,Davila,54,77,93,68
William,Wilkins,69,57,84,92
Vicky,Stewart,58,74,67,58
Joe,Moran,57,86,50,70
Margaret,Powers,81,78,94,51
Matt,Garcia,90,50,63,50
Walter,McDonald,83,88,64,95
Lolita,Turner,75,90,64,61
Josephine,Hill,72,72,61,94
Cynthia,Ornelas,54,77,95,66
Susan,Jones,57,65,79,54
Cindy,Cassady,93,53,85,71
Bill,Ward,52,78,99,79
Robert,Jackson,97,85,84,60
Stacey,Torres,62,61,55,93
Philip,Singletary,70,57,77,94
Debra,Jones,74,82,58,60
Sarah,Reed,70,52,67,56
Althea,Nakashima,79,57,87,70
Chester,Carney,60,56,79,77
Janet,Cantor,69,68,76,93
Michael,Storey,88,59,62,56
Lorretta,Sasser,65,74,84,61
Nicholas,Gilchrist,97,97,57,98
Maria,Sherwood,80,61,63,88
Jon,Fricke,56,80,56,63
Andrea,Hensley,70,99,81,99
Eric,Britt,72,96,90,78
Gwendolyn,Troutman,79,100,66,79
Robin,Regalado,76,81,88,98
Carrie,Campbell,66,93,67,85
Elizabeth,Nava,50,75,88,86
Michael,Holland,65,94,69,92
Rochelle,Campbell,72,81,55,87
Ida,Miller,51,85,59,72
Shirley,Petti,88,55,74,81
Betsy,Sloat,71,52,58,93
Nella,Custer,83,92,95,59
Tam,Brown,84,69,77,69
Christine,Swope,96,59,67,66
Heather,Hernandez,69,91,64,60
Katherine,Poole,82,63,94,77
Arthur,Renfroe,62,62,89,55
Patricia,Tincher,53,91,97,61
John,Davila,68,80,80,50
Nicholas,Ingraham,86,50,88,61
Anna,Bailey,71,81,56,63
Laura,Barker,96,99,89,91
Elizabeth,Tarwater,59,57,62,100
Ardith,Vigue,82,65,99,98
Margaret,Prince,85,83,69,52
Michael,Dutton,74,100,86,63
Howard,Brown,90,66,70,98
Gary,Jolley,85,75,97,58
Harry,Lee,84,56,69,51
Frank,Hartford,60,79,81,74
Christopher,Cooper,78,56,93,93
Fredia,Hendricks,68,91,84,75
Sara,Champagne,81,78,98,54
Emily,Loesch,55,61,67,57
Jesse,Danielson,69,100,91,56
Perry,Webster,65,89,80,87
Donald,Freeman,97,95,67,74
Tonya,Elias,92,77,94,66
Daisy,Scheetz,74,88,90,85
Kenneth,Shoop,76,70,59,83
Tony,Jenson,91,73,58,55
Robert,Boles,72,91,75,56
Ronald,Thompson,55,90,67,92
Kenneth,Conrad,62,84,84,92
Melissa,Eckhoff,71,77,52,86
Jeremy,Richeson,95,91,68,56
Mark,Simpson,84,51,53,74
Barbara,Brown,58,75,95,75
Vincent,Veloz,87,59,81,82
Barbara,Sutton,94,75,100,76
Kori,McCoy,56,78,56,79
Miguel,Coogan,53,51,85,62
Adelina,Kerley,73,53,64,56
James,Gooden,55,94,98,67
James,White,87,96,96,58
Harry,Rundell,64,83,77,52
Douglass,Bevins,57,60,96,98
Jamie,Fisher,93,67,62,61
Bryon,Reed,83,96,76,86
